Instance,|D|,l,u,B,LB,UB,Gap(%),Time(s),Status
drand-10-110-1.txt,10,6,9,273,8.0,8.0,0.00,71.61,OPTIMAL
drand-10-110-2.txt,10,6,9,368,8.0,8.0,0.00,100.69,OPTIMAL
drand-10-110-3.txt,10,6,9,357,8.0,8.0,0.00,57.91,OPTIMAL
drand-10-200-1.txt,10,6,11,421,9.0,9.0,0.00,808.31,OPTIMAL
drand-10-200-2.txt,10,6,8,545,8.0,8.0,0.00,67.42,OPTIMAL
drand-10-200-3.txt,10,6,10,516,8.0,8.0,0.00,73.82,OPTIMAL
drand-10-75-1.txt,10,6,8,127,7.0,7.0,0.00,17.94,OPTIMAL
drand-10-75-2.txt,10,6,9,259,8.0,8.0,0.00,46.42,OPTIMAL
drand-10-75-3.txt,10,6,9,176,8.0,8.0,0.00,11.52,OPTIMAL
drand-15-110-1.txt,15,7,13,351,7.0,10.0,30.00,3600.36,FEASIBLE
drand-15-110-1.txt,15,7,10,317,9.0,9.0,0.00,3052.02,OPTIMAL
drand-15-110-2.txt,15,7,10,313,9.0,9.0,0.00,1720.77,OPTIMAL
drand-15-110-3.txt,15,7,11,380,9.0,9.0,0.00,1485.56,OPTIMAL
drand-15-200-1.txt,15,7,12,779,7.0,-,100.00,3600.24,NO_SOLUTION
drand-15-200-2.txt,15,7,11,668,7.0,-,100.00,3600.05,NO_SOLUTION
drand-15-200-3.txt,15,6,11,744,9.0,-,100.00,3600.09,NO_SOLUTION
drand-15-75-1.txt,15,7,9,182,9.0,9.0,0.00,63.07,OPTIMAL
drand-15-75-2.txt,15,7,9,215,9.0,9.0,0.00,134.85,OPTIMAL
drand-15-75-3.txt,15,7,10,269,9.0,9.0,0.00,436.68,OPTIMAL
drand-20-110-1.txt,20,8,11,423,8.0,-,100.00,3600.06,NO_SOLUTION
drand-20-110-2.txt,20,7,12,460,7.0,-,100.00,3600.30,NO_SOLUTION
drand-20-110-3.txt,0,0,0,0,-,-,100.00,0.00,ERROR: Could not open instance file: data//drand-20-110-3.txt
drand-20-200-1.txt,0,0,0,0,-,-,100.00,0.00,ERROR: Could not open instance file: data//drand-20-200-1.txt
drand-20-200-2.txt,0,0,0,0,-,-,100.00,0.00,ERROR: Could not open instance file: data//drand-20-200-2.txt
drand-20-200-3.txt,0,0,0,0,-,-,100.00,0.00,ERROR: Could not open instance file: data//drand-20-200-3.txt
drand-20-75-1.txt,0,0,0,0,-,-,100.00,0.00,ERROR: Could not open instance file: data//drand-20-75-1.txt
drand-20-75-2.txt,0,0,0,0,-,-,100.00,0.00,ERROR: Could not open instance file: data//drand-20-75-2.txt
drand-20-75-3.txt,0,0,0,0,-,-,100.00,0.00,ERROR: Could not open instance file: data//drand-20-75-3.txt
drand-25-110-1.txt,0,0,0,0,-,-,100.00,0.00,ERROR: Could not open instance file: data//drand-25-110-1.txt
drand-25-110-2.txt,0,0,0,0,-,-,100.00,0.00,ERROR: Could not open instance file: data//drand-25-110-2.txt
drand-25-110-3.txt,0,0,0,0,-,-,100.00,0.00,ERROR: Could not open instance file: data//drand-25-110-3.txt
drand-25-200-1.txt,0,0,0,0,-,-,100.00,0.00,ERROR: Could not open instance file: data//drand-25-200-1.txt
drand-25-200-2.txt,0,0,0,0,-,-,100.00,0.00,ERROR: Could not open instance file: data//drand-25-200-2.txt
drand-25-200-3.txt,0,0,0,0,-,-,100.00,0.00,ERROR: Could not open instance file: data//drand-25-200-3.txt
drand-25-75-1.txt,0,0,0,0,-,-,100.00,0.00,ERROR: Could not open instance file: data//drand-25-75-1.txt
drand-25-75-2.txt,0,0,0,0,-,-,100.00,0.00,ERROR: Could not open instance file: data//drand-25-75-2.txt
drand-25-75-3.txt,0,0,0,0,-,-,100.00,0.00,ERROR: Could not open instance file: data//drand-25-75-3.txt
drand-5-110-1.txt,0,0,0,0,-,-,100.00,0.00,ERROR: Could not open instance file: data//drand-5-110-1.txt
drand-5-110-2.txt,0,0,0,0,-,-,100.00,0.00,ERROR: Could not open instance file: data//drand-5-110-2.txt
drand-5-110-3.txt,0,0,0,0,-,-,100.00,0.00,ERROR: Could not open instance file: data//drand-5-110-3.txt
drand-5-200-1.txt,0,0,0,0,-,-,100.00,0.00,ERROR: Could not open instance file: data//drand-5-200-1.txt
drand-5-200-2.txt,0,0,0,0,-,-,100.00,0.00,ERROR: Could not open instance file: data//drand-5-200-2.txt
drand-5-200-3.txt,0,0,0,0,-,-,100.00,0.00,ERROR: Could not open instance file: data//drand-5-200-3.txt
drand-5-75-1.txt,0,0,0,0,-,-,100.00,0.00,ERROR: Could not open instance file: data//drand-5-75-1.txt
drand-5-75-2.txt,0,0,0,0,-,-,100.00,0.00,ERROR: Could not open instance file: data//drand-5-75-2.txt
drand-5-75-3.txt,0,0,0,0,-,-,100.00,0.00,ERROR: Could not open instance file: data//drand-5-75-3.txt
drand-7-110-1.txt,0,0,0,0,-,-,100.00,0.00,ERROR: Could not open instance file: data//drand-7-110-1.txt
drand-7-110-2.txt,0,0,0,0,-,-,100.00,0.00,ERROR: Could not open instance file: data//drand-7-110-2.txt
drand-7-110-3.txt,0,0,0,0,-,-,100.00,0.00,ERROR: Could not open instance file: data//drand-7-110-3.txt
drand-7-200-1.txt,0,0,0,0,-,-,100.00,0.00,ERROR: Could not open instance file: data//drand-7-200-1.txt
drand-7-200-2.txt,0,0,0,0,-,-,100.00,0.00,ERROR: Could not open instance file: data//drand-7-200-2.txt
drand-7-200-3.txt,0,0,0,0,-,-,100.00,0.00,ERROR: Could not open instance file: data//drand-7-200-3.txt
drand-7-75-1.txt,0,0,0,0,-,-,100.00,0.00,ERROR: Could not open instance file: data//drand-7-75-1.txt
drand-7-75-2.txt,0,0,0,0,-,-,100.00,0.00,ERROR: Could not open instance file: data//drand-7-75-2.txt
drand-7-75-3.txt,0,0,0,0,-,-,100.00,0.00,ERROR: Could not open instance file: data//drand-7-75-3.txt
full-10-15-1.txt,0,0,0,0,-,-,100.00,0.00,ERROR: Could not open instance file: data//full-10-15-1.txt
full-10-15-2.txt,0,0,0,0,-,-,100.00,0.00,ERROR: Could not open instance file: data//full-10-15-2.txt
full-10-15-3.txt,0,0,0,0,-,-,100.00,0.00,ERROR: Could not open instance file: data//full-10-15-3.txt
full-10-15-4.txt,0,0,0,0,-,-,100.00,0.00,ERROR: Could not open instance file: data//full-10-15-4.txt
full-10-15-5.txt,0,0,0,0,-,-,100.00,0.00,ERROR: Could not open instance file: data//full-10-15-5.txt
full-10-30-1.txt,45,10,12,129,10.0,10.0,0.00,295.51,OPTIMAL
full-10-30-2.txt,0,0,0,0,-,-,100.00,0.00,ERROR: Could not open instance file: data//full-10-30-2.txt
full-10-30-3.txt,0,0,0,0,-,-,100.00,0.00,ERROR: Could not open instance file: data//full-10-30-3.txt
full-10-30-4.txt,0,0,0,0,-,-,100.00,0.00,ERROR: Could not open instance file: data//full-10-30-4.txt
full-10-30-5.txt,0,0,0,0,-,-,100.00,0.00,ERROR: Could not open instance file: data//full-10-30-5.txt
full-5-15-1.txt,10,5,6,26,5.0,5.0,0.00,0.04,OPTIMAL
full-5-15-2.txt,0,0,0,0,-,-,100.00,0.00,ERROR: Could not open instance file: data//full-5-15-2.txt
full-5-15-3.txt,0,0,0,0,-,-,100.00,0.00,ERROR: Could not open instance file: data//full-5-15-3.txt
full-5-15-4.txt,0,0,0,0,-,-,100.00,0.00,ERROR: Could not open instance file: data//full-5-15-4.txt
full-5-15-5.txt,0,0,0,0,-,-,100.00,0.00,ERROR: Could not open instance file: data//full-5-15-5.txt
full-5-30-1.txt,0,0,0,0,-,-,100.00,0.00,ERROR: Could not open instance file: data//full-5-30-1.txt
full-5-30-2.txt,0,0,0,0,-,-,100.00,0.00,ERROR: Could not open instance file: data//full-5-30-2.txt
full-5-30-3.txt,0,0,0,0,-,-,100.00,0.00,ERROR: Could not open instance file: data//full-5-30-3.txt
full-5-30-4.txt,0,0,0,0,-,-,100.00,0.00,ERROR: Could not open instance file: data//full-5-30-4.txt
full-5-30-5.txt,0,0,0,0,-,-,100.00,0.00,ERROR: Could not open instance file: data//full-5-30-5.txt
full-6-15-1.txt,0,0,0,0,-,-,100.00,0.00,ERROR: Could not open instance file: data//full-6-15-1.txt
full-6-15-2.txt,0,0,0,0,-,-,100.00,0.00,ERROR: Could not open instance file: data//full-6-15-2.txt
full-6-15-3.txt,0,0,0,0,-,-,100.00,0.00,ERROR: Could not open instance file: data//full-6-15-3.txt
full-6-15-4.txt,0,0,0,0,-,-,100.00,0.00,ERROR: Could not open instance file: data//full-6-15-4.txt
full-6-15-5.txt,0,0,0,0,-,-,100.00,0.00,ERROR: Could not open instance file: data//full-6-15-5.txt
full-6-30-1.txt,0,0,0,0,-,-,100.00,0.00,ERROR: Could not open instance file: data//full-6-30-1.txt
full-6-30-2.txt,0,0,0,0,-,-,100.00,0.00,ERROR: Could not open instance file: data//full-6-30-2.txt
full-6-30-3.txt,0,0,0,0,-,-,100.00,0.00,ERROR: Could not open instance file: data//full-6-30-3.txt
full-6-30-4.txt,0,0,0,0,-,-,100.00,0.00,ERROR: Could not open instance file: data//full-6-30-4.txt
full-6-30-5.txt,0,0,0,0,-,-,100.00,0.00,ERROR: Could not open instance file: data//full-6-30-5.txt
full-7-15-1.txt,0,0,0,0,-,-,100.00,0.00,ERROR: Could not open instance file: data//full-7-15-1.txt
full-7-15-2.txt,0,0,0,0,-,-,100.00,0.00,ERROR: Could not open instance file: data//full-7-15-2.txt
full-7-15-3.txt,0,0,0,0,-,-,100.00,0.00,ERROR: Could not open instance file: data//full-7-15-3.txt
full-7-15-4.txt,0,0,0,0,-,-,100.00,0.00,ERROR: Could not open instance file: data//full-7-15-4.txt
full-7-15-5.txt,0,0,0,0,-,-,100.00,0.00,ERROR: Could not open instance file: data//full-7-15-5.txt
full-7-30-1.txt,0,0,0,0,-,-,100.00,0.00,ERROR: Could not open instance file: data//full-7-30-1.txt
full-7-30-2.txt,0,0,0,0,-,-,100.00,0.00,ERROR: Could not open instance file: data//full-7-30-2.txt
full-7-30-3.txt,0,0,0,0,-,-,100.00,0.00,ERROR: Could not open instance file: data//full-7-30-3.txt
full-7-30-4.txt,0,0,0,0,-,-,100.00,0.00,ERROR: Could not open instance file: data//full-7-30-4.txt
full-7-30-5.txt,0,0,0,0,-,-,100.00,0.00,ERROR: Could not open instance file: data//full-7-30-5.txt
full-8-15-1.txt,0,0,0,0,-,-,100.00,0.00,ERROR: Could not open instance file: data//full-8-15-1.txt
full-8-15-2.txt,0,0,0,0,-,-,100.00,0.00,ERROR: Could not open instance file: data//full-8-15-2.txt
full-8-15-3.txt,0,0,0,0,-,-,100.00,0.00,ERROR: Could not open instance file: data//full-8-15-3.txt
full-8-15-4.txt,0,0,0,0,-,-,100.00,0.00,ERROR: Could not open instance file: data//full-8-15-4.txt
full-8-15-5.txt,0,0,0,0,-,-,100.00,0.00,ERROR: Could not open instance file: data//full-8-15-5.txt
full-8-30-1.txt,0,0,0,0,-,-,100.00,0.00,ERROR: Could not open instance file: data//full-8-30-1.txt
full-8-30-2.txt,0,0,0,0,-,-,100.00,0.00,ERROR: Could not open instance file: data//full-8-30-2.txt
full-8-30-3.txt,0,0,0,0,-,-,100.00,0.00,ERROR: Could not open instance file: data//full-8-30-3.txt
full-8-30-4.txt,0,0,0,0,-,-,100.00,0.00,ERROR: Could not open instance file: data//full-8-30-4.txt
full-8-30-5.txt,0,0,0,0,-,-,100.00,0.00,ERROR: Could not open instance file: data//full-8-30-5.txt
full-9-15-1.txt,0,0,0,0,-,-,100.00,0.00,ERROR: Could not open instance file: data//full-9-15-1.txt
full-9-15-2.txt,0,0,0,0,-,-,100.00,0.00,ERROR: Could not open instance file: data//full-9-15-2.txt
full-9-15-3.txt,0,0,0,0,-,-,100.00,0.00,ERROR: Could not open instance file: data//full-9-15-3.txt
full-9-15-4.txt,0,0,0,0,-,-,100.00,0.00,ERROR: Could not open instance file: data//full-9-15-4.txt
full-9-15-5.txt,0,0,0,0,-,-,100.00,0.00,ERROR: Could not open instance file: data//full-9-15-5.txt
full-9-30-1.txt,0,0,0,0,-,-,100.00,0.00,ERROR: Could not open instance file: data//full-9-30-1.txt
full-9-30-2.txt,0,0,0,0,-,-,100.00,0.00,ERROR: Could not open instance file: data//full-9-30-2.txt
full-9-30-3.txt,0,0,0,0,-,-,100.00,0.00,ERROR: Could not open instance file: data//full-9-30-3.txt
full-9-30-4.txt,0,0,0,0,-,-,100.00,0.00,ERROR: Could not open instance file: data//full-9-30-4.txt
full-9-30-5.txt,0,0,0,0,-,-,100.00,0.00,ERROR: Could not open instance file: data//full-9-30-5.txt
joint-10-15-5-15-1.txt,0,0,0,0,-,-,100.00,0.00,ERROR: Could not open instance file: data//joint-10-15-5-15-1.txt
joint-10-15-5-15-2.txt,0,0,0,0,-,-,100.00,0.00,ERROR: Could not open instance file: data//joint-10-15-5-15-2.txt
joint-10-15-5-15-3.txt,0,0,0,0,-,-,100.00,0.00,ERROR: Could not open instance file: data//joint-10-15-5-15-3.txt
joint-10-30-5-30-1.txt,0,0,0,0,-,-,100.00,0.00,ERROR: Could not open instance file: data//joint-10-30-5-30-1.txt
joint-10-30-5-30-2.txt,0,0,0,0,-,-,100.00,0.00,ERROR: Could not open instance file: data//joint-10-30-5-30-2.txt
joint-10-30-5-30-3.txt,0,0,0,0,-,-,100.00,0.00,ERROR: Could not open instance file: data//joint-10-30-5-30-3.txt
joint-5-15-5-15-1.txt,20,7,10,42,8.0,8.0,0.00,0.33,OPTIMAL
joint-5-15-5-15-2.txt,0,0,0,0,-,-,100.00,0.00,ERROR: Could not open instance file: data//joint-5-15-5-15-2.txt
joint-5-15-5-15-3.txt,0,0,0,0,-,-,100.00,0.00,ERROR: Could not open instance file: data//joint-5-15-5-15-3.txt
joint-5-30-5-30-1.txt,0,0,0,0,-,-,100.00,0.00,ERROR: Could not open instance file: data//joint-5-30-5-30-1.txt
joint-5-30-5-30-2.txt,0,0,0,0,-,-,100.00,0.00,ERROR: Could not open instance file: data//joint-5-30-5-30-2.txt
joint-5-30-5-30-3.txt,0,0,0,0,-,-,100.00,0.00,ERROR: Could not open instance file: data//joint-5-30-5-30-3.txt
joint-6-15-5-15-1.txt,0,0,0,0,-,-,100.00,0.00,ERROR: Could not open instance file: data//joint-6-15-5-15-1.txt
joint-6-15-5-15-2.txt,0,0,0,0,-,-,100.00,0.00,ERROR: Could not open instance file: data//joint-6-15-5-15-2.txt
joint-6-15-5-15-3.txt,0,0,0,0,-,-,100.00,0.00,ERROR: Could not open instance file: data//joint-6-15-5-15-3.txt
joint-6-30-5-30-1.txt,0,0,0,0,-,-,100.00,0.00,ERROR: Could not open instance file: data//joint-6-30-5-30-1.txt
joint-6-30-5-30-2.txt,0,0,0,0,-,-,100.00,0.00,ERROR: Could not open instance file: data//joint-6-30-5-30-2.txt
joint-6-30-5-30-3.txt,0,0,0,0,-,-,100.00,0.00,ERROR: Could not open instance file: data//joint-6-30-5-30-3.txt
joint-7-15-5-15-1.txt,0,0,0,0,-,-,100.00,0.00,ERROR: Could not open instance file: data//joint-7-15-5-15-1.txt
joint-7-15-5-15-2.txt,0,0,0,0,-,-,100.00,0.00,ERROR: Could not open instance file: data//joint-7-15-5-15-2.txt
joint-7-15-5-15-3.txt,0,0,0,0,-,-,100.00,0.00,ERROR: Could not open instance file: data//joint-7-15-5-15-3.txt
joint-7-30-5-30-1.txt,0,0,0,0,-,-,100.00,0.00,ERROR: Could not open instance file: data//joint-7-30-5-30-1.txt
joint-7-30-5-30-2.txt,0,0,0,0,-,-,100.00,0.00,ERROR: Could not open instance file: data//joint-7-30-5-30-2.txt
joint-7-30-5-30-3.txt,0,0,0,0,-,-,100.00,0.00,ERROR: Could not open instance file: data//joint-7-30-5-30-3.txt
joint-8-15-5-15-1.txt,0,0,0,0,-,-,100.00,0.00,ERROR: Could not open instance file: data//joint-8-15-5-15-1.txt
joint-8-15-5-15-2.txt,0,0,0,0,-,-,100.00,0.00,ERROR: Could not open instance file: data//joint-8-15-5-15-2.txt
joint-8-15-5-15-3.txt,0,0,0,0,-,-,100.00,0.00,ERROR: Could not open instance file: data//joint-8-15-5-15-3.txt
joint-8-30-5-30-1.txt,0,0,0,0,-,-,100.00,0.00,ERROR: Could not open instance file: data//joint-8-30-5-30-1.txt
joint-8-30-5-30-2.txt,0,0,0,0,-,-,100.00,0.00,ERROR: Could not open instance file: data//joint-8-30-5-30-2.txt
joint-8-30-5-30-3.txt,0,0,0,0,-,-,100.00,0.00,ERROR: Could not open instance file: data//joint-8-30-5-30-3.txt
joint-9-15-5-15-1.txt,0,0,0,0,-,-,100.00,0.00,ERROR: Could not open instance file: data//joint-9-15-5-15-1.txt
joint-9-15-5-15-2.txt,0,0,0,0,-,-,100.00,0.00,ERROR: Could not open instance file: data//joint-9-15-5-15-2.txt
joint-9-15-5-15-3.txt,0,0,0,0,-,-,100.00,0.00,ERROR: Could not open instance file: data//joint-9-15-5-15-3.txt
joint-9-30-5-30-1.txt,0,0,0,0,-,-,100.00,0.00,ERROR: Could not open instance file: data//joint-9-30-5-30-1.txt
joint-9-30-5-30-2.txt,0,0,0,0,-,-,100.00,0.00,ERROR: Could not open instance file: data//joint-9-30-5-30-2.txt
joint-9-30-5-30-3.txt,0,0,0,0,-,-,100.00,0.00,ERROR: Could not open instance file: data//joint-9-30-5-30-3.txt
miss-10-15-5-1.txt,0,0,0,0,-,-,100.00,0.00,ERROR: Could not open instance file: data//miss-10-15-5-1.txt
miss-10-15-5-2.txt,0,0,0,0,-,-,100.00,0.00,ERROR: Could not open instance file: data//miss-10-15-5-2.txt
miss-10-15-5-3.txt,0,0,0,0,-,-,100.00,0.00,ERROR: Could not open instance file: data//miss-10-15-5-3.txt
miss-10-15-5-4.txt,0,0,0,0,-,-,100.00,0.00,ERROR: Could not open instance file: data//miss-10-15-5-4.txt
miss-10-15-5-5.txt,0,0,0,0,-,-,100.00,0.00,ERROR: Could not open instance file: data//miss-10-15-5-5.txt
miss-10-30-5-1.txt,40,10,12,91,10.0,10.0,0.00,81.03,OPTIMAL
miss-10-30-5-2.txt,0,0,0,0,-,-,100.00,0.00,ERROR: Could not open instance file: data//miss-10-30-5-2.txt
miss-10-30-5-3.txt,0,0,0,0,-,-,100.00,0.00,ERROR: Could not open instance file: data//miss-10-30-5-3.txt
miss-10-30-5-4.txt,0,0,0,0,-,-,100.00,0.00,ERROR: Could not open instance file: data//miss-10-30-5-4.txt
miss-10-30-5-5.txt,0,0,0,0,-,-,100.00,0.00,ERROR: Could not open instance file: data//miss-10-30-5-5.txt
miss-5-15-2-1.txt,8,5,5,21,5.0,5.0,0.00,0.02,OPTIMAL
miss-5-15-2-2.txt,0,0,0,0,-,-,100.00,0.00,ERROR: Could not open instance file: data//miss-5-15-2-2.txt
miss-5-15-2-3.txt,0,0,0,0,-,-,100.00,0.00,ERROR: Could not open instance file: data//miss-5-15-2-3.txt
miss-5-15-2-4.txt,0,0,0,0,-,-,100.00,0.00,ERROR: Could not open instance file: data//miss-5-15-2-4.txt
miss-5-15-2-5.txt,0,0,0,0,-,-,100.00,0.00,ERROR: Could not open instance file: data//miss-5-15-2-5.txt
miss-5-30-2-1.txt,0,0,0,0,-,-,100.00,0.00,ERROR: Could not open instance file: data//miss-5-30-2-1.txt
miss-5-30-2-2.txt,0,0,0,0,-,-,100.00,0.00,ERROR: Could not open instance file: data//miss-5-30-2-2.txt
miss-5-30-2-3.txt,0,0,0,0,-,-,100.00,0.00,ERROR: Could not open instance file: data//miss-5-30-2-3.txt
miss-5-30-2-4.txt,0,0,0,0,-,-,100.00,0.00,ERROR: Could not open instance file: data//miss-5-30-2-4.txt
miss-5-30-2-5.txt,0,0,0,0,-,-,100.00,0.00,ERROR: Could not open instance file: data//miss-5-30-2-5.txt
miss-6-15-3-1.txt,0,0,0,0,-,-,100.00,0.00,ERROR: Could not open instance file: data//miss-6-15-3-1.txt
miss-6-15-3-2.txt,0,0,0,0,-,-,100.00,0.00,ERROR: Could not open instance file: data//miss-6-15-3-2.txt
miss-6-15-3-3.txt,0,0,0,0,-,-,100.00,0.00,ERROR: Could not open instance file: data//miss-6-15-3-3.txt
miss-6-15-3-4.txt,0,0,0,0,-,-,100.00,0.00,ERROR: Could not open instance file: data//miss-6-15-3-4.txt
miss-6-15-3-5.txt,0,0,0,0,-,-,100.00,0.00,ERROR: Could not open instance file: data//miss-6-15-3-5.txt
miss-6-30-3-1.txt,0,0,0,0,-,-,100.00,0.00,ERROR: Could not open instance file: data//miss-6-30-3-1.txt
miss-6-30-3-2.txt,0,0,0,0,-,-,100.00,0.00,ERROR: Could not open instance file: data//miss-6-30-3-2.txt
miss-6-30-3-3.txt,0,0,0,0,-,-,100.00,0.00,ERROR: Could not open instance file: data//miss-6-30-3-3.txt
miss-6-30-3-4.txt,0,0,0,0,-,-,100.00,0.00,ERROR: Could not open instance file: data//miss-6-30-3-4.txt
miss-6-30-3-5.txt,0,0,0,0,-,-,100.00,0.00,ERROR: Could not open instance file: data//miss-6-30-3-5.txt
miss-7-15-3-1.txt,0,0,0,0,-,-,100.00,0.00,ERROR: Could not open instance file: data//miss-7-15-3-1.txt
miss-7-15-3-2.txt,0,0,0,0,-,-,100.00,0.00,ERROR: Could not open instance file: data//miss-7-15-3-2.txt
miss-7-15-3-3.txt,0,0,0,0,-,-,100.00,0.00,ERROR: Could not open instance file: data//miss-7-15-3-3.txt
miss-7-15-3-4.txt,0,0,0,0,-,-,100.00,0.00,ERROR: Could not open instance file: data//miss-7-15-3-4.txt
miss-7-15-3-5.txt,0,0,0,0,-,-,100.00,0.00,ERROR: Could not open instance file: data//miss-7-15-3-5.txt
miss-7-30-3-1.txt,0,0,0,0,-,-,100.00,0.00,ERROR: Could not open instance file: data//miss-7-30-3-1.txt
miss-7-30-3-2.txt,0,0,0,0,-,-,100.00,0.00,ERROR: Could not open instance file: data//miss-7-30-3-2.txt
miss-7-30-3-3.txt,0,0,0,0,-,-,100.00,0.00,ERROR: Could not open instance file: data//miss-7-30-3-3.txt
miss-7-30-3-4.txt,0,0,0,0,-,-,100.00,0.00,ERROR: Could not open instance file: data//miss-7-30-3-4.txt
miss-7-30-3-5.txt,0,0,0,0,-,-,100.00,0.00,ERROR: Could not open instance file: data//miss-7-30-3-5.txt
miss-8-15-4-1.txt,0,0,0,0,-,-,100.00,0.00,ERROR: Could not open instance file: data//miss-8-15-4-1.txt
miss-8-15-4-2.txt,0,0,0,0,-,-,100.00,0.00,ERROR: Could not open instance file: data//miss-8-15-4-2.txt
miss-8-15-4-3.txt,0,0,0,0,-,-,100.00,0.00,ERROR: Could not open instance file: data//miss-8-15-4-3.txt
miss-8-15-4-4.txt,0,0,0,0,-,-,100.00,0.00,ERROR: Could not open instance file: data//miss-8-15-4-4.txt
miss-8-15-4-5.txt,0,0,0,0,-,-,100.00,0.00,ERROR: Could not open instance file: data//miss-8-15-4-5.txt
miss-8-30-4-1.txt,0,0,0,0,-,-,100.00,0.00,ERROR: Could not open instance file: data//miss-8-30-4-1.txt
miss-8-30-4-2.txt,0,0,0,0,-,-,100.00,0.00,ERROR: Could not open instance file: data//miss-8-30-4-2.txt
miss-8-30-4-3.txt,0,0,0,0,-,-,100.00,0.00,ERROR: Could not open instance file: data//miss-8-30-4-3.txt
miss-8-30-4-4.txt,0,0,0,0,-,-,100.00,0.00,ERROR: Could not open instance file: data//miss-8-30-4-4.txt
miss-8-30-4-5.txt,0,0,0,0,-,-,100.00,0.00,ERROR: Could not open instance file: data//miss-8-30-4-5.txt
miss-9-15-4-1.txt,0,0,0,0,-,-,100.00,0.00,ERROR: Could not open instance file: data//miss-9-15-4-1.txt
miss-9-15-4-2.txt,0,0,0,0,-,-,100.00,0.00,ERROR: Could not open instance file: data//miss-9-15-4-2.txt
miss-9-15-4-3.txt,0,0,0,0,-,-,100.00,0.00,ERROR: Could not open instance file: data//miss-9-15-4-3.txt
miss-9-15-4-4.txt,0,0,0,0,-,-,100.00,0.00,ERROR: Could not open instance file: data//miss-9-15-4-4.txt
miss-9-15-4-5.txt,0,0,0,0,-,-,100.00,0.00,ERROR: Could not open instance file: data//miss-9-15-4-5.txt
miss-9-30-4-1.txt,0,0,0,0,-,-,100.00,0.00,ERROR: Could not open instance file: data//miss-9-30-4-1.txt
miss-9-30-4-2.txt,0,0,0,0,-,-,100.00,0.00,ERROR: Could not open instance file: data//miss-9-30-4-2.txt
miss-9-30-4-3.txt,0,0,0,0,-,-,100.00,0.00,ERROR: Could not open instance file: data//miss-9-30-4-3.txt
miss-9-30-4-4.txt,0,0,0,0,-,-,100.00,0.00,ERROR: Could not open instance file: data//miss-9-30-4-4.txt
miss-9-30-4-5.txt,0,0,0,0,-,-,100.00,0.00,ERROR: Could not open instance file: data//miss-9-30-4-5.txt
