Instances,Size,Trivial_tLB,Trivial_tUB,HD_HD,HD_Time,LB_nLB,LB_Time,UB_nUB,UB_Time,DUB_nDUB,DUB_Time
full-5-30-1,10,5,11,0,0.0,5,0.1,6,13.5,5,12.5
full-5-30-2,10,5,11,0,0.1,5,0.1,10,8.4,5,10.3
full-5-30-3,10,5,11,0,0.0,5,0.1,6,8.3,5,3.2
full-5-30-4,10,5,11,0,0.0,5,0.1,10,3.0,5,2.8
full-5-30-5,10,5,11,0,0.1,5,0.2,9,13.9,5,9.7
full-5-15-1,10,5,11,0,0.1,5,0.1,11,4.5,5,6.8
full-5-15-2,10,5,11,0,0.1,5,0.1,8,14.2,5,7.0
full-5-15-3,10,5,11,0,0.1,5,0.1,9,11.1,5,4.0
full-5-15-4,10,5,11,0,0.1,5,0.1,11,6.4,5,6.5
full-5-15-5,10,5,11,0,0.0,5,0.1,10,5.1,5,6.7
full-6-30-1,15,6,16,0,0.1,6,0.1,16,11.4,6,40.6
full-6-30-2,15,6,16,0,2.7,6,0.1,16,14.5,6,11.5
full-6-30-3,15,6,16,0,0.0,6,0.2,13,2.9,6,4.7
full-6-30-4,15,6,16,0,0.1,6,0.1,13,28.0,6,29.6
full-6-30-5,15,6,16,0,0.1,6,0.1,13,18.5,6,57.5
full-6-15-1,15,6,16,0,0.0,6,0.1,12,12.3,6,19.4
full-6-15-2,15,6,16,0,0.1,6,0.2,16,13.4,6,23.2
full-6-15-3,15,6,16,0,0.1,6,0.1,10,7.0,6,6.2
full-6-15-4,15,6,16,0,0.1,6,0.1,11,7.6,6,18.8
full-6-15-5,15,6,16,0,0.1,6,0.1,13,4.2,6,11.4
full-7-30-1,21,7,22,0,0.1,7,0.1,19,42.8,7,90.5
full-7-30-2,21,7,22,0,0.1,7,0.1,16,31.4,7,35.5
full-7-30-3,21,7,22,0,0.1,7,0.1,16,31.4,7,33.0
full-7-30-4,21,7,22,0,0.1,7,0.1,17,51.5,7,43.4
full-7-30-5,21,7,22,0,0.1,7,0.1,13,25.1,7,68.6
full-7-15-1,21,7,22,0,0.1,7,0.1,16,10.2,7,41.2
full-7-15-2,21,7,22,0,0.2,7,0.2,12,14.0,7,49.3
full-7-15-3,21,7,22,0,0.1,7,0.2,14,11.3,7,24.0
full-7-15-4,21,7,22,0,0.1,7,0.1,15,13.0,7,40.8
full-7-15-5,21,7,22,0,0.1,7,0.1,12,7.7,7,45.6
full-8-30-1,28,8,29,0,0.1,8,0.1,16,24.6,8,80.7
full-8-30-2,28,8,29,0,0.3,8,0.1,22,59.3,8,144.4
full-8-30-3,28,8,29,0,0.2,8,0.1,17,31.1,8,110.3
full-8-30-4,28,8,29,0,0.2,8,0.1,20,49.7,8,117.0
full-8-30-5,28,8,29,0,1.6,8,0.1,20,66.2,8,139.7
full-8-15-1,28,8,29,0,0.2,8,0.4,22,28.5,8,78.3
full-8-15-2,28,8,29,0,0.1,8,0.1,14,26.3,8,84.2
full-8-15-3,28,8,29,0,0.1,8,0.1,18,10.8,8,43.2
full-8-15-4,28,8,29,0,0.1,8,0.1,16,11.3,8,56.2
full-8-15-5,28,8,29,0,0.2,8,0.1,16,23.5,8,106.3
full-9-30-1,36,9,37,0,0.5,9,0.1,25,37.7,9,229.9
full-9-30-2,36,9,37,0,0.2,9,0.1,18,66.0,9,166.2
full-9-30-3,36,9,37,0,0.3,9,0.1,23,82.0,9,262.2
full-9-30-4,36,9,37,0,0.4,9,0.1,17,63.0,9,248.1
full-9-30-5,36,9,37,0,0.3,9,0.1,26,73.8,9,248.6
full-9-15-1,36,9,37,0,0.4,9,0.4,17,60.2,9,116.3
full-9-15-2,36,9,37,0,0.1,9,0.1,19,30.1,9,95.7
full-9-15-3,36,9,37,0,0.2,9,0.1,26,32.5,9,114.4
full-9-15-4,36,9,37,0,0.2,9,0.1,20,35.5,9,123.4
full-9-15-5,36,9,37,0,0.1,9,0.1,17,31.7,9,120.7
full-10-30-1,45,10,46,0,0.5,10,0.2,27,87.8,10,374.2
full-10-30-2,45,10,46,0,0.6,10,0.1,27,78.8,10,397.4
full-10-30-3,45,10,46,0,0.3,10,0.1,25,55.6,10,343.8
full-10-30-4,45,10,46,0,0.4,10,0.1,26,134.2,10,569.4
full-10-30-5,45,10,46,0,0.8,10,0.1,31,84.2,10,558.7
full-10-15-1,45,10,46,0,0.1,10,0.1,27,71.7,10,324.7
full-10-15-2,45,10,46,0,0.2,10,0.2,29,14.8,10,178.2
full-10-15-3,45,10,46,0,0.2,10,0.1,24,42.6,10,229.0
full-10-15-4,45,10,46,0,0.2,10,0.4,19,141.1,10,1575.3
full-10-15-5,45,10,46,0,0.2,10,0.2,25,35.5,10,269.2
full-11-30-1,55,11,56,0,0.7,11,0.2,34,344.8,11,1316.0
full-11-30-2,55,11,56,0,0.3,11,0.1,30,128.0,11,677.3
full-11-30-3,55,11,56,0,1.2,11,0.1,32,63.8,11,611.4
full-11-30-4,55,11,56,0,0.5,11,0.2,37,291.3,11,1009.7
full-11-30-5,55,11,56,0,0.8,11,0.1,33,351.0,11,907.9
full-11-15-1,55,11,56,0,0.3,11,0.1,27,63.3,12,468.5
full-11-15-2,55,11,56,0,0.4,11,0.2,27,54.3,11,485.8
full-11-15-3,55,11,56,0,0.3,11,0.1,29,39.9,11,335.0
full-11-15-4,55,11,56,0,0.4,11,0.1,32,36.8,11,302.5
full-11-15-5,55,11,56,0,0.3,11,0.2,28,58.4,11,409.7
full-12-30-1,66,12,67,0,1.3,12,0.2,33,252.0,12,1691.0
full-12-30-2,66,12,67,0,0.8,12,0.1,31,494.8,12,1666.4
full-12-30-3,66,12,67,0,0.5,12,0.2,38,78.7,12,1239.4
full-12-30-4,66,12,67,0,0.9,12,0.2,39,273.0,12,1772.0
full-12-30-5,66,12,67,0,1.0,12,0.1,41,304.2,12,1590.3
full-12-15-1,66,12,67,0,0.4,12,0.2,32,39.0,12,749.8
full-12-15-2,66,12,67,0,0.7,12,0.2,24,77.2,12,696.9
full-12-15-3,66,12,67,0,0.4,12,0.1,27,82.9,12,691.5
full-12-15-4,66,12,67,0,0.3,12,0.1,30,70.4,12,849.4
full-12-15-5,66,12,67,0,0.5,12,0.2,36,66.7,12,1018.3
full-13-30-1,78,13,79,0,1.2,13,0.2,39,484.8,13,2749.5
full-13-30-2,78,13,79,0,14.3,13,0.2,36,491.4,13,2751.0
full-13-30-3,78,13,79,0,0.8,13,0.2,36,82.0,13,1550.0
full-13-30-4,78,13,79,0,0.8,13,0.1,36,291.4,13,1823.9
full-13-30-5,78,13,79,0,1.6,13,0.2,36,380.3,13,2562.2
full-13-15-1,78,13,79,0,0.4,13,0.2,41,99.8,13,1262.7
full-13-15-2,78,13,79,0,1.0,13,0.2,40,105.2,13,1257.6
full-13-15-3,78,13,79,0,0.5,13,0.2,35,123.6,14,1246.0
full-13-15-4,78,13,79,0,0.7,13,0.1,34,84.5,13,1337.2
full-13-15-5,78,13,79,0,0.5,13,0.2,39,81.7,13,1259.6
full-14-30-1,91,14,92,0,6.4,14,0.1,38,566.9,14,4693.6
full-14-30-2,91,14,92,0,1.2,14,0.1,42,574.7,15,4817.1
full-14-30-3,91,14,92,0,2.1,14,0.2,38,584.3,14,4647.0
full-14-30-4,91,14,92,0,1.1,14,0.2,35,184.5,14,3013.3
full-14-30-5,91,14,92,0,1.1,14,0.2,37,305.9,14,3593.3
full-14-15-1,91,14,92,0,0.6,14,0.1,34,129.9,14,2330.6
full-14-15-2,91,14,92,0,0.9,14,0.2,38,95.5,14,2202.9
full-14-15-3,91,14,92,0,0.6,14,0.2,32,136.4,15,2121.9
full-14-15-4,91,14,92,0,2.5,14,0.2,32,100.7,15,2443.5
full-14-15-5,91,14,92,0,0.5,14,0.1,38,107.9,14,2309.2
full-15-30-1,105,15,106,0,1.6,15,0.2,50,569.3,15,7441.6
full-15-30-2,105,15,106,0,2.9,15,0.2,53,587.0,15,6907.2
full-15-30-3,105,15,106,0,2.7,15,0.2,52,571.3,15,6918.3
full-15-30-4,105,15,106,0,2.5,15,0.2,50,576.5,15,5863.8
full-15-30-5,105,15,106,0,3.7,15,0.2,47,445.4,15,7316.5
full-15-15-1,105,15,106,0,0.8,15,0.2,39,135.4,16,3365.3
full-15-15-2,105,15,106,0,0.9,15,0.2,54,127.4,15,3416.9
full-15-15-3,105,15,106,0,1.1,15,0.2,47,134.6,15,3598.0
full-15-15-4,105,15,106,0,0.8,15,0.2,37,147.2,15,3116.6
full-15-15-5,105,15,106,0,2.2,15,0.1,39,126.8,16,3562.0
full-16-30-1,120,16,121,0,1.3,16,0.2,58,559.9,17,8899.7
full-16-30-2,120,16,121,0,6.8,16,0.2,44,460.0,16,10641.4
full-16-30-3,120,16,121,0,3.4,16,0.2,49,1349.3,16,12092.7
full-16-30-4,120,16,121,0,3.0,16,0.2,44,606.0,16,8692.5
full-16-30-5,120,16,121,0,3.0,16,0.2,52,570.8,17,10123.9
full-16-15-1,120,16,121,0,0.9,16,0.2,56,102.6,19,4023.2
full-16-15-2,120,16,121,0,1.0,16,0.2,55,110.6,17,3931.3
full-16-15-3,120,16,121,0,2.6,16,0.2,49,350.8,16,5321.5
full-16-15-4,120,16,121,0,2.9,16,0.2,50,159.6,16,6267.5
full-16-15-5,120,16,121,0,0.9,16,0.2,53,145.0,17,5026.3
miss-5-15-2-4,8,5,9,0,0.0,5,0.1,7,4.1,5,4.1
miss-5-15-2-5,8,5,9,0,0.3,5,0.2,6,7.3,5,3.3
miss-5-30-2-1,8,5,9,0,0.0,5,0.1,9,6.9,5,4.0
miss-5-30-2-2,8,5,9,0,0.0,5,0.1,8,3.2,5,4.1
miss-5-30-2-3,8,5,9,0,0.1,5,0.1,9,5.9,5,4.8
miss-5-30-2-4,8,5,9,0,0.0,5,0.1,9,13.6,5,12.1
miss-5-30-2-5,8,5,9,0,0.0,5,0.1,9,14.9,5,6.8
miss-5-15-2-1,8,5,9,0,0.0,5,0.1,6,5.4,5,1.7
miss-5-15-2-2,8,5,9,0,0.0,5,0.1,9,1.4,5,3.9
miss-5-15-2-3,8,5,9,0,0.0,5,0.2,9,18.7,5,4.8
miss-6-15-2-4,13,6,14,0,0.0,6,0.1,13,6.9,6,11.2
miss-6-15-2-5,13,6,14,0,0.1,6,0.2,8,10.8,6,11.6
miss-6-30-2-1,13,6,14,0,0.0,6,0.1,11,10.8,6,11.9
miss-6-30-2-2,13,6,14,0,0.0,6,0.1,12,9.0,6,7.8
miss-6-30-2-3,13,6,14,0,0.1,6,0.1,14,6.1,6,14.4
miss-6-30-2-4,13,6,14,0,0.1,6,0.1,11,10.9,6,38.5
miss-6-30-2-5,13,6,14,0,0.2,6,0.1,14,57.4,6,13.4
miss-6-15-2-1,13,6,14,0,0.0,6,0.1,11,9.5,6,9.1
miss-6-15-2-2,13,6,14,0,0.0,6,0.1,8,6.6,6,10.8
miss-6-15-2-3,13,6,14,0,0.1,6,0.1,9,5.7,6,9.4
miss-7-15-3-4,18,7,19,0,0.0,7,0.1,13,6.0,7,23.1
miss-7-15-3-5,18,7,19,0,0.5,7,0.2,16,22.4,7,24.4
miss-7-30-3-1,18,7,19,0,0.1,7,0.1,19,49.9,7,42.0
miss-7-30-3-2,18,7,19,0,0.2,7,0.1,16,38.0,7,41.0
miss-7-30-3-3,18,7,19,0,0.1,7,0.1,13,27.1,7,40.8
miss-7-30-3-4,18,7,19,0,0.1,7,0.2,19,31.3,7,59.9
miss-7-30-3-5,18,7,19,0,0.1,7,0.1,18,10.3,7,28.4
miss-7-15-3-1,18,7,19,0,0.0,7,0.1,12,12.0,7,11.7
miss-7-15-3-2,18,7,19,0,0.0,7,0.2,11,7.7,7,21.7
miss-7-15-3-3,18,7,19,0,0.0,7,0.1,15,9.8,7,34.1
miss-8-15-3-4,25,8,26,0,0.1,8,0.1,15,14.8,8,61.4
miss-8-15-3-5,25,8,26,0,0.1,8,0.2,17,12.8,8,34.0
miss-8-30-3-1,25,8,26,0,0.2,8,0.1,19,54.7,8,84.2
miss-8-30-3-2,25,8,26,0,0.5,8,0.1,19,121.3,8,107.6
miss-8-30-3-3,25,8,26,0,0.1,8,0.1,18,34.3,8,78.1
miss-8-30-3-4,25,8,26,0,0.1,8,0.1,20,44.7,8,107.9
miss-8-30-3-5,25,8,26,0,0.2,8,0.1,19,55.7,8,81.6
miss-8-15-3-1,25,8,26,0,0.1,8,0.2,19,16.7,8,48.8
miss-8-15-3-2,25,8,26,0,0.1,8,0.1,17,32.3,8,88.5
miss-8-15-3-3,25,8,26,0,0.1,8,0.2,18,10.8,8,69.5
miss-9-15-4-4,32,9,33,0,0.1,9,0.1,22,25.0,9,118.4
miss-9-15-4-5,32,9,33,0,1.3,9,0.2,28,19.4,9,87.0
miss-9-30-4-1,32,9,33,0,0.3,9,0.1,23,102.4,9,164.8
miss-9-30-4-2,32,9,33,0,0.2,9,0.1,19,96.8,9,174.9
miss-9-30-4-3,32,9,33,0,0.3,9,0.1,26,52.6,9,186.3
miss-9-30-4-4,32,9,33,0,0.1,9,0.1,24,57.4,9,203.4
miss-9-30-4-5,32,9,33,0,0.3,9,0.1,24,137.6,9,193.3
miss-9-15-4-1,32,9,33,0,0.5,9,0.1,19,18.5,9,86.7
miss-9-15-4-2,32,9,33,0,0.2,9,0.1,22,33.2,9,128.8
miss-9-15-4-3,32,9,33,0,320.7,9,0.1,27,63.6,9,144.8
miss-10-15-4-4,41,10,42,0,0.3,10,0.1,27,21.4,10,185.1
miss-10-15-4-5,41,10,42,0,0.2,10,0.1,24,24.1,10,149.8
miss-10-30-4-1,41,10,42,0,0.5,10,0.1,26,95.9,10,336.8
miss-10-30-4-2,41,10,42,0,0.5,10,0.1,29,142.1,10,408.2
miss-10-30-4-3,41,10,42,0,0.6,10,0.1,30,253.2,10,568.0
miss-10-30-4-4,41,10,42,0,0.3,10,0.1,26,89.3,10,450.2
miss-10-30-4-5,41,10,42,0,1.0,10,0.2,24,252.1,10,558.0
miss-10-15-4-1,41,10,42,0,0.2,10,0.2,20,41.1,10,249.0
miss-10-15-4-2,41,10,42,0,0.2,10,0.1,23,69.5,10,243.4
miss-10-15-4-3,41,10,42,0,0.3,10,0.1,26,43.1,10,204.6
miss-11-15-5-4,50,11,51,0,0.2,11,0.1,23,66.5,11,354.1
miss-11-15-5-5,50,11,51,0,0.3,11,0.1,33,51.6,11,270.5
miss-11-30-5-1,50,11,51,0,0.5,11,0.1,29,349.7,11,747.3
miss-11-30-5-2,50,11,51,0,0.5,11,0.1,35,146.9,11,1116.4
miss-11-30-5-3,50,11,51,0,0.4,11,0.1,29,58.1,11,588.4
miss-11-30-5-4,50,11,51,0,1.5,11,0.1,32,351.6,11,749.6
miss-11-30-5-5,50,11,51,0,0.3,11,0.1,26,87.2,11,447.7
miss-11-15-5-1,50,11,51,0,0.3,11,0.1,28,83.0,11,325.5
miss-11-15-5-2,50,11,51,0,0.1,11,0.1,24,39.0,11,280.9
miss-11-15-5-3,50,11,51,0,0.4,11,0.1,27,37.3,11,362.4
miss-12-15-5-4,61,12,62,0,0.4,12,0.1,27,82.1,12,844.7
miss-12-15-5-5,61,12,62,0,0.3,12,0.2,31,33.8,12,368.6
miss-12-30-5-1,61,12,62,0,0.8,12,0.1,36,316.3,12,1425.6
miss-12-30-5-2,61,12,62,0,1.0,12,0.1,31,350.5,12,1520.3
miss-12-30-5-3,61,12,62,0,0.5,12,0.1,27,360.6,12,1211.6
miss-12-30-5-4,61,12,62,0,1.9,12,0.1,30,194.3,12,1078.3
miss-12-30-5-5,61,12,62,0,1.3,12,0.1,39,227.2,12,1074.8
miss-12-15-5-1,61,12,62,0,0.7,12,0.2,30,61.8,12,641.3
miss-12-15-5-2,61,12,62,0,0.2,12,0.1,30,69.9,12,634.4
miss-12-15-5-3,61,12,62,0,0.3,12,0.1,29,73.2,13,557.3
miss-13-15-6-4,72,13,73,0,3.9,13,0.1,36,37.1,13,747.5
miss-13-15-6-5,72,13,73,0,0.3,13,0.1,34,25.4,14,529.2
miss-13-30-6-1,72,13,73,0,1.2,13,0.1,37,520.7,13,2321.3
miss-13-30-6-2,72,13,73,0,2.0,13,0.1,43,278.6,13,1909.8
miss-13-30-6-3,72,13,73,0,1.2,13,0.1,47,490.1,13,2548.8
miss-13-30-6-4,72,13,73,0,1.3,13,0.1,32,530.7,13,2145.7
miss-13-30-6-5,72,13,73,0,2.9,13,0.2,40,348.8,13,1712.0
miss-13-15-6-1,72,13,73,0,0.5,13,0.1,34,108.8,13,1152.5
miss-13-15-6-2,72,13,73,0,0.4,13,0.1,32,56.4,13,858.6
miss-13-15-6-3,72,13,73,0,0.5,13,0.2,34,99.9,13,1267.7
miss-14-15-6-4,85,14,86,0,0.8,14,0.2,41,50.8,14,1969.9
miss-14-15-6-5,85,14,86,0,0.5,14,0.1,41,88.3,14,1852.9
miss-14-30-6-1,85,14,86,0,1.0,14,0.1,45,486.5,14,2657.4
miss-14-30-6-2,85,14,86,0,1.8,14,0.1,45,440.7,14,3433.5
miss-14-30-6-3,85,14,86,0,0.9,14,0.1,39,342.4,14,2631.8
miss-14-30-6-4,85,14,86,0,1.3,14,0.2,38,411.4,15,3735.3
miss-14-30-6-5,85,14,86,0,2.1,14,0.2,40,634.6,14,4396.9
miss-14-15-6-1,85,14,86,0,0.6,14,0.1,36,155.0,15,2065.2
miss-14-15-6-2,85,14,86,0,0.7,14,0.2,41,165.6,15,2240.0
miss-14-15-6-3,85,14,86,0,1.6,14,0.2,46,129.7,14,2203.6
miss-15-15-7-4,98,15,99,0,1.1,15,0.2,44,154.1,15,3575.9
miss-15-15-7-5,98,15,99,0,1.0,15,0.2,41,134.0,15,3300.2
miss-15-30-7-1,98,15,99,0,1.0,15,0.2,43,494.9,15,4519.1
miss-15-30-7-2,98,15,99,0,28.1,15,0.2,40,436.7,15,5433.0
miss-15-30-7-3,98,15,99,0,5.8,15,0.2,38,610.1,15,6142.9
miss-15-30-7-4,98,15,99,0,1.4,15,0.2,50,285.2,15,4916.3
miss-15-30-7-5,98,15,99,0,1.9,15,0.2,38,427.6,15,5558.5
miss-15-15-7-1,98,15,99,0,0.7,15,0.2,48,109.2,17,2530.5
miss-15-15-7-2,98,15,99,0,0.8,15,0.2,44,137.8,16,3489.3
miss-15-15-7-3,98,15,99,0,0.6,15,0.1,41,79.4,15,2268.5
miss-16-15-7-4,113,16,114,0,0.8,16,0.2,52,101.9,16,3503.2
miss-16-15-7-5,113,16,114,0,0.8,16,0.2,38,143.5,18,4080.8
miss-16-30-7-1,113,16,114,0,1.7,16,0.2,50,355.4,16,5982.4
miss-16-30-7-2,113,16,114,0,1.8,16,0.2,49,1020.3,16,8242.4
miss-16-30-7-3,113,16,114,0,1.9,16,0.2,46,567.6,16,8334.6
miss-16-30-7-4,113,16,114,0,1.2,16,0.1,45,613.2,16,7540.5
miss-16-30-7-5,113,16,114,0,2.5,16,0.1,47,432.1,16,9517.4
miss-16-15-7-1,113,16,114,0,1.2,16,0.2,45,347.5,16,4343.2
miss-16-15-7-2,113,16,114,0,1.2,16,0.2,51,197.4,17,4842.9
miss-16-15-7-3,113,16,114,0,0.9,16,0.2,36,123.1,16,4531.2
miss-17-15-8-4,128,17,129,0,0.9,17,0.1,58,157.7,19,6417.2
miss-17-15-8-5,128,17,129,0,14.6,17,24.9,54,273.4,17,5880.5
miss-17-30-8-1,128,17,129,0,3.8,17,0.2,53,1144.8,17,11280.9
miss-17-30-8-2,128,17,129,0,5.5,17,0.2,63,1144.2,17,12514.6
miss-17-30-8-3,128,17,129,0,4.0,17,0.2,55,576.9,17,12437.7
miss-17-30-8-4,128,17,129,0,6.0,17,0.1,50,573.3,18,11897.7
miss-17-30-8-5,128,17,129,0,2.5,17,0.2,50,542.2,17,10542.3
miss-17-15-8-1,128,17,129,0,5.3,17,0.2,47,310.5,17,5735.6
miss-17-15-8-2,128,17,129,0,1.2,17,0.1,43,107.5,20,5231.8
miss-17-15-8-3,128,17,129,0,1.4,17,0.2,48,345.4,19,6811.0
joint-5-30-5-30-1,20,7,21,0,0.1,7,0.1,17,26.8,9,96.5
joint-5-30-5-30-2,20,7,21,0,0.1,7,0.1,16,10.7,9,72.1
joint-5-30-5-30-3,20,7,21,0,0.2,8,0.2,17,10.3,9,60.3
joint-5-15-5-15-1,20,7,21,0,0.0,7,0.1,17,4.3,8,24.7
joint-5-15-5-15-2,20,7,21,0,0.1,7,0.2,16,18.1,8,52.6
joint-5-15-5-15-3,20,7,21,0,0.1,7,0.1,19,9.4,8,27.9
joint-6-15-5-15-1,25,8,26,0,0.1,8,0.1,22,15.7,9,61.8
joint-6-15-5-15-2,25,8,26,0,0.1,8,0.2,20,7.6,9,40.6
joint-6-15-5-15-3,25,8,26,0,0.1,8,0.2,24,9.2,9,62.8
joint-6-30-5-30-1,25,8,26,0,0.2,8,0.2,24,15.1,10,107.7
joint-6-30-5-30-2,25,8,26,0,0.1,9,0.1,14,14.2,9,66.5
joint-6-30-5-30-3,25,8,26,0,0.1,8,0.1,20,23.3,9,80.7
joint-7-15-5-15-2,31,9,32,0,0.1,9,0.1,24,15.7,10,101.8
joint-7-15-5-15-3,31,9,32,0,0.1,9,0.1,22,12.7,10,70.9
joint-7-30-5-30-1,31,9,32,0,0.1,9,0.1,19,34.6,10,148.5
joint-7-30-5-30-2,31,9,32,0,0.2,9,0.1,18,35.7,11,144.9
joint-7-30-5-30-3,31,9,32,0,0.2,9,0.1,22,35.5,11,156.0
joint-7-15-5-15-1,31,9,32,0,0.1,9,0.1,24,15.7,10,98.0
joint-8-30-5-30-3,38,10,39,0,0.1,10,0.1,23,43.7,11,226.8
joint-8-15-5-15-1,38,10,39,0,0.1,10,0.1,22,13.4,11,116.6
joint-8-15-5-15-2,38,10,39,0,0.2,10,0.1,22,36.8,12,175.9
joint-8-15-5-15-3,38,10,39,0,0.1,10,0.1,21,19.1,11,114.6
joint-8-30-5-30-1,38,10,39,0,0.3,10,0.2,22,74.7,11,302.9
joint-8-30-5-30-2,38,10,39,0,0.3,10,0.1,22,112.0,11,389.3
joint-9-15-5-15-1,46,11,47,0,0.2,11,0.1,27,64.1,12,256.5
joint-9-15-5-15-2,46,11,47,0,0.3,11,0.2,27,19.5,12,253.9
joint-9-15-5-15-3,46,11,47,0,0.2,11,0.2,25,40.9,12,199.1
joint-9-30-5-30-1,46,11,47,0,0.4,11,0.1,27,79.7,12,490.7
joint-9-30-5-30-2,46,11,47,0,0.5,11,0.2,32,114.8,13,602.8
joint-9-30-5-30-3,46,11,47,0,0.2,11,0.2,27,23.9,12,208.3
joint-10-30-5-30-3,55,11,56,0,0.6,12,0.1,28,124.7,13,764.4
joint-10-15-5-15-1,55,11,56,0,0.7,12,0.1,32,41.7,12,331.8
joint-10-15-5-15-2,55,11,56,0,0.3,12,0.2,26,63.5,13,418.3
joint-10-15-5-15-3,55,11,56,0,0.2,12,0.1,30,44.8,13,274.6
joint-10-30-5-30-1,55,11,56,0,0.4,12,0.1,29,79.8,13,664.2
joint-10-30-5-30-2,55,11,56,0,0.5,12,0.1,39,383.8,13,866.7
joint-11-15-5-15-1,65,12,66,0,0.3,13,0.2,33,25.1,14,527.2
joint-11-15-5-15-2,65,12,66,0,0.5,12,0.2,30,69.5,14,743.4
joint-11-15-5-15-3,65,12,66,0,0.3,12,0.2,33,81.2,14,705.1
joint-11-30-5-30-1,65,12,66,0,0.7,12,0.1,37,356.9,14,1178.7
joint-11-30-5-30-2,65,12,66,0,0.5,13,0.1,33,151.2,15,1126.5
joint-11-30-5-30-3,65,12,66,0,0.5,12,0.2,28,115.5,14,811.1
joint-12-30-5-30-1,76,13,77,0,0.7,13,0.2,36,351.1,15,2355.1
joint-12-30-5-30-2,76,13,77,0,3.2,13,0.2,34,276.2,15,2300.2
joint-12-30-5-30-3,76,13,77,0,1.3,13,0.2,35,351.6,15,1779.9
joint-12-15-5-15-1,76,13,77,0,0.5,13,0.2,36,41.7,15,900.4
joint-12-15-5-15-2,76,13,77,0,0.3,13,0.1,30,84.3,15,1024.2
joint-12-15-5-15-3,76,13,77,0,0.5,13,0.1,33,80.5,15,1075.3
joint-13-15-5-15-1,88,14,89,0,0.5,14,0.2,42,66.1,16,1465.7
joint-13-15-5-15-2,88,14,89,0,0.5,14,0.2,44,73.4,16,1320.4
joint-13-15-5-15-3,88,14,89,0,0.4,14,0.1,43,82.4,16,1420.2
joint-13-30-5-30-1,88,14,89,0,2.2,14,0.2,35,508.8,17,3789.2
joint-13-30-5-30-2,88,14,89,0,1.1,15,0.2,41,338.1,16,2987.9
joint-13-30-5-30-3,88,14,89,0,1.5,15,0.1,47,766.4,16,4814.4
joint-14-15-5-15-2,101,15,102,0,1.1,15,0.2,37,87.2,18,1811.0
joint-14-15-5-15-3,101,15,102,0,0.6,15,0.2,43,77.7,18,2169.6
joint-14-30-5-30-1,101,15,102,0,2.8,15,0.2,47,491.4,17,5042.2
joint-14-30-5-30-2,101,15,102,0,224.7,15,4.0,46,910.0,18,4853.5
joint-14-30-5-30-3,101,15,102,0,144.3,15,0.2,54,451.3,17,5850.4
joint-14-15-5-15-1,101,15,102,0,1.0,15,0.2,41,195.3,17,3393.8
joint-15-30-5-30-3,115,16,116,0,2.3,16,0.2,48,581.9,18,8931.6
joint-15-15-5-15-1,115,16,116,0,12.4,16,0.2,41,133.5,20,4651.4
joint-15-15-5-15-2,115,16,116,0,11.1,16,0.2,46,107.0,19,3055.5
joint-15-15-5-15-3,115,16,116,0,1.8,16,0.2,57,348.1,18,4240.8
joint-15-30-5-30-1,115,16,116,0,10.6,16,0.2,53,508.8,18,7776.5
joint-15-30-5-30-2,115,16,116,0,7.4,16,0.2,41,498.8,19,6622.7
joint-16-15-5-15-1,130,17,131,0,4.9,17,0.2,60,316.8,19,6242.8
joint-16-15-5-15-2,130,17,131,0,1.5,17,0.2,59,191.5,20,6125.9
joint-16-15-5-15-3,130,17,131,0,1.9,17,0.3,56,195.4,19,6911.4
joint-16-30-5-30-1,130,17,131,0,2.3,17,0.2,44,527.0,20,8826.2
joint-16-30-5-30-2,130,17,131,0,2.3,17,0.2,48,463.7,20,12630.3
joint-16-30-5-30-3,130,17,131,0,5.1,17,0.2,64,1191.0,19,14380.8
drand-5-200-3,5,4,6,2,0.1,5,0.2,6,1.4,5,3.3
drand-5-75-2,5,4,6,0,0.0,4,0.2,6,5.0,5,5.8
drand-5-110-1,5,4,6,2,0.0,5,0.1,5,3.6,5,2.3
drand-7-200-3,7,5,8,1,0.0,5,0.1,8,6.7,7,22.5
drand-7-75-1,7,5,8,2,0.1,6,0.1,8,4.3,7,7.8
drand-7-75-2,7,5,8,0,0.1,5,0.2,8,1.8,6,9.2
drand-7-75-3,7,5,8,0,0.1,5,0.5,8,50.8,6,18.8
drand-7-110-1,7,5,8,1,0.5,5,0.1,8,3.6,7,5.5
drand-7-110-2,7,5,8,1,0.1,5,0.2,8,2.6,7,18.0
drand-7-110-3,7,5,8,1,0.0,6,0.8,8,38.9,7,243.8
drand-10-110-1,10,5,11,0,2.0,6,11.7,11,156.2,8,124.8
drand-10-110-2,10,5,11,0,3.0,6,23.6,11,141.6,8,178.7
drand-10-110-3,10,5,11,0,6.2,6,93.7,11,300.5,8,102.4
drand-10-200-1,10,5,11,0,3.3,5,33.7,11,220.7,8,178.2
drand-10-200-2,10,5,11,0,4.1,5,37.9,11,277.2,9,173.4
drand-10-200-3,10,5,11,0,2.6,6,12.1,11,139.2,8,116.2
drand-10-75-1,10,5,11,0,1.6,6,20.8,11,110.8,7,86.3
drand-10-75-2,10,5,11,0,2.7,5,40.9,11,329.4,8,190.7
drand-10-75-3,10,5,11,0,2.0,5,12.3,11,151.8,7,92.5
drand-12-200-1,12,6,13,0,2.1,6,0.1,13,6.5,9,81.9
drand-12-200-2,12,6,13,0,1.0,6,0.1,13,49.6,9,92.3
drand-12-200-3,12,6,13,0,0.2,6,0.2,13,20.4,8,81.4
drand-12-75-1,12,6,13,0,0.0,6,0.2,11,10.9,7,33.5
drand-12-75-2,12,6,13,0,0.9,6,0.2,13,20.2,8,43.8
drand-12-75-3,12,6,13,0,0.0,6,0.1,11,6.3,8,32.7
drand-12-110-1,12,6,13,0,0.1,6,0.2,13,70.4,8,69.9
drand-12-110-2,12,6,13,0,0.1,6,0.2,13,22.8,8,67.9
drand-12-110-3,12,6,13,0,0.2,6,0.2,13,46.9,9,69.1
drand-15-200-2,15,6,16,0,0.2,7,0.2,16,37.1,10,152.1
drand-15-200-3,15,6,16,0,0.2,7,0.2,16,60.5,10,101.2
drand-15-75-1,15,6,16,0,0.2,6,0.2,14,23.8,9,29.7
drand-15-75-2,15,6,16,0,0.7,7,0.2,16,10.6,9,49.2
drand-15-75-3,15,6,16,0,0.3,7,0.1,13,41.8,8,56.3
drand-15-110-1,15,6,16,0,0.2,7,0.2,16,40.6,10,75.0
drand-15-110-2,15,6,16,0,0.2,6,0.1,16,30.4,10,86.6
drand-15-110-3,15,6,16,0,0.1,6,0.1,16,6.1,9,83.1
drand-15-200-1,15,6,16,0,1.8,6,0.1,15,26.9,11,191.4
drand-20-200-3,20,7,21,0,0.4,7,0.2,21,76.9,11,189.8
drand-20-75-1,20,7,21,0,0.4,7,0.1,20,36.8,11,97.5
drand-20-75-2,20,7,21,0,0.1,7,0.2,17,27.8,10,70.5
drand-20-75-3,20,7,21,0,0.2,7,0.1,18,26.6,10,67.8
drand-20-110-1,20,7,21,0,0.1,8,0.2,19,40.3,11,153.5
drand-20-110-2,20,7,21,0,0.3,7,0.2,18,37.4,11,138.9
drand-20-110-3,20,7,21,0,0.2,7,0.1,16,63.3,10,100.0
drand-20-200-1,20,7,21,0,2.9,8,0.1,20,386.7,12,256.0
drand-20-200-2,20,7,21,0,0.3,7,0.2,15,66.1,11,222.8
drand-25-75-1,25,8,26,0,0.3,8,0.2,15,43.9,11,111.0
drand-25-75-2,25,8,26,0,0.1,8,0.2,18,18.2,11,95.5
drand-25-75-3,25,8,26,0,0.4,9,0.2,22,17.7,12,155.7
drand-25-110-1,25,8,26,0,0.5,8,0.1,20,84.9,12,175.1
drand-25-110-2,25,8,26,0,0.1,8,0.2,20,79.1,12,188.8
drand-25-110-3,25,8,26,0,0.5,8,0.2,20,75.4,12,161.2
drand-25-200-1,25,8,26,0,1.9,8,0.2,23,61.0,12,248.9
drand-25-200-2,25,8,26,0,0.6,8,0.1,25,130.6,14,584.9
drand-25-200-3,25,8,26,0,0.5,8,0.2,24,240.8,13,369.8
drand-30-75-2,30,9,31,0,0.1,9,0.2,22,21.8,12,148.3
drand-30-75-3,30,9,31,0,0.1,9,0.2,19,39.0,12,175.5
drand-30-110-1,30,9,31,0,0.3,9,0.2,25,110.0,12,193.0
drand-30-110-2,30,9,31,0,0.3,9,0.2,24,45.7,13,294.7
drand-30-110-3,30,9,31,0,0.1,9,0.2,21,51.5,11,202.7
drand-30-200-1,30,9,31,0,3.4,9,0.2,28,164.0,14,490.8
drand-30-200-2,30,9,31,0,0.6,9,0.2,28,230.2,14,390.6
drand-30-200-3,30,9,31,0,0.3,9,0.2,25,370.3,14,594.9
drand-30-75-1,30,9,31,0,4.4,9,22.6,22,305.9,12,232.2
drand-35-75-3,35,9,36,0,0.7,10,0.2,21,44.7,13,244.5
drand-35-110-1,35,9,36,0,0.3,10,0.2,23,99.2,14,453.4
drand-35-110-2,35,9,36,0,0.6,10,0.2,25,109.3,15,521.1
drand-35-110-3,35,9,36,0,0.3,10,3.5,24,166.9,14,745.6
drand-35-200-1,35,9,36,0,0.6,9,0.2,32,271.0,15,730.0
drand-35-200-2,35,9,36,0,9.2,9,44.1,30,599.7,14,716.4
drand-35-200-3,35,9,36,0,2.3,9,1.7,28,233.0,14,799.6
drand-35-75-1,35,9,36,0,0.2,9,0.2,24,42.8,13,218.0
drand-35-75-2,35,9,36,0,1.5,9,0.2,23,42.5,13,276.5
drand-40-110-1,40,10,41,0,0.4,10,0.1,24,127.7,14,619.1
drand-40-110-2,40,10,41,0,0.4,10,0.2,23,106.7,15,524.4
drand-40-110-3,40,10,41,0,1.2,10,8.6,25,302.5,14,631.3
drand-40-200-1,40,10,41,0,5.9,10,0.9,30,155.6,16,975.8
drand-40-200-2,40,10,41,0,0.7,10,0.1,27,503.3,16,1249.0
drand-40-200-3,40,10,41,0,2.8,10,0.2,31,279.1,16,954.1
drand-40-75-1,40,10,41,0,0.3,10,0.3,24,57.2,14,266.8
drand-40-75-2,40,10,41,0,0.3,10,0.3,26,142.9,14,1173.9
drand-40-75-3,40,10,41,0,0.2,10,0.3,24,118.4,14,317.6
drand-45-110-1,45,10,46,0,1.8,11,0.2,31,130.9,15,766.4
drand-45-110-2,45,10,46,0,1.8,10,0.2,26,103.3,15,645.5
drand-45-110-3,45,10,46,0,0.6,10,0.2,27,127.9,15,741.3
drand-45-200-1,45,10,46,0,365.0,11,4.1,33,507.4,17,1978.1
drand-45-200-2,45,10,46,0,0.7,10,0.2,33,439.0,16,1312.4
drand-45-200-3,45,10,46,0,35.9,11,0.2,34,494.5,17,1519.0
drand-45-75-1,45,10,46,0,0.3,11,0.2,27,58.8,14,368.1
drand-45-75-2,45,10,46,0,0.4,11,0.2,25,61.9,15,404.6
drand-45-75-3,45,10,46,0,0.6,11,0.2,24,71.8,14,406.8
drand-50-110-3,50,11,51,0,3.8,11,0.3,29,187.5,16,1176.1
drand-50-200-1,50,11,51,0,58.1,11,3.5,33,338.8,18,2130.1
drand-50-200-2,50,11,51,0,374.8,11,4.1,37,489.7,17,1836.6
drand-50-200-3,50,11,51,0,17.1,11,0.2,40,348.2,18,2392.6
drand-50-75-1,50,11,51,0,0.6,11,0.1,29,65.7,15,533.0
drand-50-75-2,50,11,51,0,2.0,11,0.1,27,57.5,16,567.7
drand-50-75-3,50,11,51,0,20.9,11,0.2,32,81.9,15,487.2
drand-50-110-1,50,11,51,0,41.6,11,0.1,35,83.1,16,1030.3
drand-50-110-2,50,11,51,0,0.3,11,0.1,31,111.1,16,879.3
drand-75-200-2,75,13,76,0,1.2,13,0.2,45,492.0,21,4985.7
drand-75-200-3,75,13,76,0,10.4,13,0.2,45,499.5,21,5517.3
drand-75-75-1,75,13,76,0,108.1,13,0.1,33,54.4,17,1369.1
drand-75-75-2,75,13,76,0,1.2,13,0.2,30,79.5,19,1757.7
drand-75-75-3,75,13,76,0,0.4,13,0.2,39,70.6,18,1409.9
drand-75-110-1,75,13,76,0,1.5,13,0.2,35,135.2,19,2202.0
drand-75-110-2,75,13,76,0,378.7,14,0.2,43,113.5,18,1942.9
drand-75-110-3,75,13,76,0,2.1,13,0.1,40,143.1,19,2597.4
drand-75-200-1,75,13,76,0,22.3,13,0.2,40,722.8,20,4335.6
drand-100-110-2,100,15,101,0,1.1,15,0.7,47,143.1,22,4194.8
drand-100-110-3,100,15,101,0,7.6,15,0.7,45,150.6,21,4121.1
drand-100-200-1,100,15,101,0,68.0,15,0.7,51,600.0,23,8222.1
drand-100-200-2,100,15,101,0,4.8,15,0.7,51,508.1,25,10308.8
drand-100-200-3,100,15,101,0,15.9,15,0.7,58,625.1,24,9893.0
drand-100-75-1,100,15,101,0,11.8,15,0.6,41,59.1,20,2689.9
drand-100-75-2,100,15,101,0,4.8,15,0.7,39,103.8,20,2500.1
drand-100-75-3,100,15,101,0,6.1,16,0.9,44,88.9,21,2764.4
drand-100-110-1,100,15,101,0,8.7,15,12.6,49,369.1,21,4746.2
drand-112-110-3,112,16,113,0,3.8,16,0.3,53,135.9,22,5673.2
drand-112-200-1,112,16,113,0,30.2,16,0.3,54,580.8,24,12928.6
drand-112-200-2,112,16,113,0,18.5,16,0.3,50,506.7,24,12392.6
drand-112-200-3,112,16,113,0,79.9,16,0.4,58,564.8,25,14894.1
drand-112-75-1,112,16,113,0,86.8,16,73.0,57,375.4,21,4158.7
drand-112-75-2,112,16,113,0,0.7,16,0.3,42,84.3,22,4123.5
drand-112-75-3,112,16,113,0,1.6,16,0.3,41,78.5,21,3201.9
drand-112-110-1,112,16,113,0,6.4,16,3.2,45,143.2,22,6233.4
drand-112-110-2,112,16,113,0,84.2,16,0.3,55,134.9,23,6351.1
