Instance,|D|,nIP_LB,nIP_UB,nIP_gap,nIP_time,nFEAS_LB,nFEAS_UB,nFEAS_gap,nFEAS_time,nMAX_LB,nMAX_UB,nMAX_gap,nMAX_time,IP_LB,IP_UB,IP_gap,IP_time,FEAS_LB,FEAS_UB,FEAS_gap,FEAS_time,MAX_LB,MAX_UB,MAX_gap,MAX_time,tIP_LB,tIP_UB,tIP_gap,tIP_time,tFEAS_LB,tFEAS_UB,tFEAS_gap,tFEAS_time,tMAX_LB,tMAX_UB,tMAX_gap,tMAX_time
full-5-30-1,10,5,5,0.0,0,5,5,0.0,0,5,5,0.0,0,5,5,0.0,0,5,5,0.0,0,5,5,0.0,0,5,5,0.0,2,5,5,0.0,1,5,5,0.0,2
full-5-30-2,10,5,5,0.0,0,5,5,0.0,0,5,5,0.0,0,5,5,0.0,0,5,5,0.0,1,5,5,0.0,0,5,5,0.0,1,5,5,0.0,0,5,5,0.0,1
full-5-30-3,10,5,5,0.0,0,5,5,0.0,0,5,5,0.0,0,5,5,0.0,0,5,5,0.0,0,5,5,0.0,0,5,5,0.0,0,5,5,0.0,0,5,5,0.0,0
full-5-30-4,10,5,5,0.0,0,5,5,0.0,0,5,5,0.0,0,5,5,0.0,0,5,5,0.0,0,5,5,0.0,0,5,5,0.0,0,5,5,0.0,0,5,5,0.0,1
full-5-30-5,10,5,5,0.0,0,5,5,0.0,0,5,5,0.0,0,5,5,0.0,0,5,5,0.0,0,5,5,0.0,0,5,5,0.0,1,5,5,0.0,0,5,5,0.0,0
full-5-15-1,10,5,5,0.0,0,5,5,0.0,0,5,5,0.0,0,5,5,0.0,0,5,5,0.0,0,5,5,0.0,0,5,5,0.0,1,5,5,0.0,0,5,5,0.0,0
full-5-15-2,10,5,5,0.0,0,5,5,0.0,0,5,5,0.0,0,5,5,0.0,0,5,5,0.0,0,5,5,0.0,0,5,5,0.0,0,5,5,0.0,0,5,5,0.0,0
full-5-15-3,10,5,5,0.0,0,5,5,0.0,0,5,5,0.0,0,5,5,0.0,0,5,5,0.0,0,5,5,0.0,0,5,5,0.0,1,5,5,0.0,0,5,5,0.0,0
full-5-15-4,10,5,5,0.0,0,5,5,0.0,0,5,5,0.0,0,5,5,0.0,0,5,5,0.0,0,5,5,0.0,0,5,5,0.0,0,5,5,0.0,0,5,5,0.0,0
full-5-15-5,10,5,5,0.0,0,5,5,0.0,0,5,5,0.0,0,5,5,0.0,0,5,5,0.0,0,5,5,0.0,0,5,5,0.0,0,5,5,0.0,0,5,5,0.0,0
full-6-30-1,15,6,6,0.0,0,6,6,0.0,0,6,6,0.0,0,6,6,0.0,4,6,6,0.0,11,6,6,0.0,7,6,6,0.0,77,6,6,0.0,46,6,6,0.0,12
full-6-30-2,15,6,6,0.0,0,6,6,0.0,0,6,6,0.0,0,6,6,0.0,5,6,6,0.0,2,6,6,0.0,5,6,6,0.0,8,6,6,0.0,5,6,6,0.0,5
full-6-30-3,15,6,6,0.0,0,6,6,0.0,0,6,6,0.0,0,6,6,0.0,3,6,6,0.0,0,6,6,0.0,0,6,6,0.0,5,6,6,0.0,2,6,6,0.0,2
full-6-30-4,15,6,6,0.0,0,6,6,0.0,0,6,6,0.0,0,6,6,0.0,3,6,6,0.0,16,6,6,0.0,37,6,6,0.0,59,6,6,0.0,19,6,6,0.0,29
full-6-30-5,15,6,6,0.0,0,6,6,0.0,0,6,6,0.0,0,6,6,0.0,6,6,6,0.0,1,6,6,0.0,4,6,6,0.0,23,6,6,0.0,28,6,6,0.0,31
full-6-15-1,15,6,6,0.0,0,6,6,0.0,0,6,6,0.0,0,6,6,0.0,3,6,6,0.0,0,6,6,0.0,4,6,6,0.0,7,6,6,0.0,2,6,6,0.0,11
full-6-15-2,15,6,6,0.0,0,6,6,0.0,0,6,6,0.0,0,6,6,0.0,4,6,6,0.0,2,6,6,0.0,6,6,6,0.0,4,6,6,0.0,11,6,6,0.0,8
full-6-15-3,15,6,6,0.0,0,6,6,0.0,0,6,6,0.0,0,6,6,0.0,4,6,6,0.0,1,6,6,0.0,1,6,6,0.0,5,6,6,0.0,3,6,6,0.0,4
full-6-15-4,15,6,6,0.0,0,6,6,0.0,0,6,6,0.0,0,6,6,0.0,4,6,6,0.0,12,6,6,0.0,3,6,6,0.0,6,6,6,0.0,5,6,6,0.0,8
full-6-15-5,15,6,6,0.0,0,6,6,0.0,0,6,6,0.0,0,6,6,0.0,3,6,6,0.0,0,6,6,0.0,1,6,6,0.0,6,6,6,0.0,3,6,6,0.0,4
full-7-30-1,21,7,7,0.0,0,7,7,0.0,0,7,7,0.0,0,7,22,68.2,451,7,7,0.0,229,7,7,0.0,954,7,7,0.0,659,7,7,0.0,1855,7,7,0.0,695
full-7-30-2,21,7,7,0.0,0,7,7,0.0,0,7,7,0.0,0,7,7,0.0,22,7,7,0.0,217,7,7,0.0,68,7,7,0.0,2392,7,7,0.0,65,7,7,0.0,908
full-7-30-3,21,7,7,0.0,0,7,7,0.0,0,7,7,0.0,0,7,7,0.0,99,7,7,0.0,110,7,7,0.0,16,7,7,0.0,1157,7,7,0.0,613,7,7,0.0,15
full-7-30-4,21,7,7,0.0,0,7,7,0.0,0,7,7,0.0,0,7,7,0.0,1529,7,7,0.0,315,7,7,0.0,507,7,7,0.0,2841,7,7,0.0,34,7,7,0.0,136
full-7-30-5,21,7,7,0.0,0,7,7,0.0,0,7,7,0.0,0,7,7,0.0,150,7,7,0.0,47,7,7,0.0,115,7,7,0.0,465,7,7,0.0,29,7,7,0.0,770
full-7-15-1,21,7,7,0.0,0,7,7,0.0,0,7,7,0.0,0,7,7,0.0,22,7,7,0.0,3,7,7,0.0,8,7,7,0.0,58,7,7,0.0,6,7,7,0.0,8
full-7-15-2,21,7,7,0.0,0,7,7,0.0,0,7,7,0.0,0,7,7,0.0,59,7,7,0.0,12,7,7,0.0,306,7,7,0.0,385,7,7,0.0,22,7,7,0.0,296
full-7-15-3,21,7,7,0.0,0,7,7,0.0,0,7,7,0.0,0,7,7,0.0,99,7,7,0.0,20,7,7,0.0,39,7,7,0.0,192,7,7,0.0,186,7,7,0.0,155
full-7-15-4,21,7,7,0.0,0,7,7,0.0,0,7,7,0.0,0,7,7,0.0,65,7,7,0.0,3362,7,7,0.0,100,7,7,0.0,1182,7,7,0.0,875,7,7,0.0,492
full-7-15-5,21,7,7,0.0,0,7,7,0.0,0,7,7,0.0,0,7,7,0.0,705,7,7,0.0,2,7,7,0.0,77,7,7,0.0,202,7,7,0.0,102,7,7,0.0,38
full-8-30-1,28,8,8,0.0,0,8,8,0.0,0,8,8,0.0,0,8,29,72.4,0,8,8,0.0,2771,8,8,0.0,3040,8,14,42.9,3600,8,13,38.5,3600,8,8,0.0,3233
full-8-30-2,28,8,8,0.0,0,8,8,0.0,0,8,8,0.0,0,8,13,38.5,3601,8,18,55.6,3600,8,12,33.3,3600,8,25,68.0,3600,8,18,55.6,3600,8,10,20.0,3600
full-8-30-3,28,8,8,0.0,0,8,8,0.0,0,8,8,0.0,0,8,29,72.4,371,8,12,33.3,3600,8,12,33.3,3600,8,16,50.0,3600,8,13,38.5,3600,8,10,20.0,3600
full-8-30-4,28,8,8,0.0,0,8,8,0.0,0,8,8,0.0,0,8,29,72.4,2527,8,8,0.0,525,8,9,11.1,3572,8,23,65.2,3600,8,13,38.5,3600,8,13,38.5,3600
full-8-30-5,28,8,8,0.0,0,8,8,0.0,0,8,8,0.0,0,8,14,42.9,3601,8,18,55.6,3600,8,8,0.0,3591,8,20,60.0,3600,8,18,55.6,3600,8,18,55.6,3600
full-8-15-1,28,8,8,0.0,0,8,8,0.0,0,8,8,0.0,0,8,8,0.0,3283,8,8,0.0,587,8,8,0.0,2628,8,14,42.9,3600,8,8,0.0,3082,8,10,20.0,3600
full-8-15-2,28,8,8,0.0,0,8,8,0.0,0,8,8,0.0,0,8,11,27.3,3601,8,8,0.0,928,8,12,33.3,3600,8,13,38.5,3600,8,13,38.5,3600,8,10,20.0,3600
full-8-15-3,28,8,8,0.0,0,8,8,0.0,0,8,8,0.0,0,8,8,0.0,723,8,8,0.0,1093,8,12,33.3,3601,8,11,27.3,3600,8,8,0.0,1816,8,8,0.0,3554
full-8-15-4,28,8,8,0.0,0,8,8,0.0,0,8,8,0.0,0,8,11,27.3,3601,8,12,33.3,3600,8,12,33.3,3600,8,12,33.3,3600,8,8,0.0,2905,8,10,20.0,3600
full-8-15-5,28,8,8,0.0,0,8,8,0.0,0,8,8,0.0,0,8,9,11.1,3601,8,8,0.0,2272,8,8,0.0,89,8,12,33.3,3600,8,10,20.0,3600,8,13,38.5,3600
full-9-30-1,36,9,9,0.0,0,9,9,0.0,0,9,9,0.0,0,9,37,75.7,0,9,23,60.9,3600,9,15,40.0,3601,9,22,59.1,3600,9,16,43.8,3600,9,23,60.9,3600
full-9-30-2,36,9,9,0.0,0,9,9,0.0,0,9,9,0.0,0,9,16,43.7,3602,9,23,60.9,3600,9,15,40.0,3601,9,18,50.0,3600,9,16,43.8,3600,9,16,43.8,3600
full-9-30-3,36,9,9,0.0,0,9,9,0.0,0,9,9,0.0,0,9,37,75.7,0,9,15,40.0,3600,9,11,18.2,3600,9,36,75.0,3600,9,16,43.8,3600,9,23,60.9,3600
full-9-30-4,36,9,9,0.0,0,9,9,0.0,0,9,9,0.0,0,9,37,75.7,0,9,23,60.9,3600,9,15,40.0,3600,9,24,62.5,3600,9,16,43.8,3600,9,23,60.9,3600
full-9-30-5,36,9,9,0.0,0,9,9,0.0,0,9,9,0.0,0,9,17,47.1,3603,9,23,60.9,3600,9,15,40.0,3601,9,21,57.1,3600,9,23,60.9,3600,9,16,43.8,3600
full-9-15-1,36,9,9,0.0,0,9,9,0.0,0,9,9,0.0,0,9,14,35.7,3602,9,15,40.0,3600,9,15,40.0,3601,9,14,35.7,3600,9,16,43.8,3600,9,16,43.8,3600
full-9-15-2,36,9,9,0.0,0,9,9,0.0,0,9,9,0.0,0,9,13,30.8,3602,9,15,40.0,3600,9,15,40.0,3602,9,15,40.0,3600,9,12,25.0,3600,9,16,43.8,3600
full-9-15-3,36,9,9,0.0,0,9,9,0.0,0,9,9,0.0,0,9,13,30.8,3602,9,15,40.0,3600,9,15,40.0,3601,9,23,60.9,3600,9,16,43.8,3600,9,16,43.8,3600
full-9-15-4,36,9,9,0.0,0,9,9,0.0,0,9,9,0.0,0,9,14,35.7,3602,9,15,40.0,3600,9,15,40.0,3600,9,20,55.0,3600,9,12,25.0,3600,9,16,43.8,3600
full-9-15-5,36,9,9,0.0,0,9,9,0.0,0,9,9,0.0,0,9,13,30.8,3602,9,15,40.0,3600,9,15,40.0,3603,9,13,30.8,3600,9,12,25.0,3600,9,12,25.0,3600
full-10-30-1,45,10,10,0.0,0,10,10,0.0,0,10,10,0.0,1,10,19,47.4,3607,10,18,44.4,3600,10,18,44.4,3601,10,26,61.5,3600,10,28,64.3,3600,10,19,47.4,3600
full-10-30-2,45,10,10,0.0,0,10,10,0.0,0,10,10,0.0,0,10,17,41.2,3607,10,18,44.4,3600,10,13,23.1,3600,10,26,61.5,3600,10,28,64.3,3600,10,19,47.4,3600
full-10-30-3,45,10,10,0.0,0,10,10,0.0,0,10,10,0.0,0,10,22,54.5,3607,10,18,44.4,3600,10,18,44.4,3600,10,27,63.0,3600,10,19,47.4,3600,10,28,64.3,3600
full-10-30-4,45,10,10,0.0,1,10,10,0.0,1,10,10,0.0,1,10,16,37.5,3611,10,18,44.4,3602,10,18,44.4,3601,10,46,78.3,3600,10,28,64.3,3600,10,46,78.3,3600
full-10-30-5,45,10,10,0.0,1,10,10,0.0,1,10,10,0.0,1,10,20,50.0,3612,10,28,64.3,3600,10,18,44.4,3600,10,45,77.8,3600,10,28,64.3,3600,10,19,47.4,3600
full-10-15-1,45,10,10,0.0,0,10,10,0.0,0,10,10,0.0,0,10,46,78.3,1,10,18,44.4,3600,10,28,64.3,3601,10,42,76.2,3600,10,19,47.4,3600,10,28,64.3,3600
full-10-15-2,45,10,10,0.0,0,10,10,0.0,0,10,10,0.0,0,10,13,23.1,3606,10,18,44.4,3600,10,18,44.4,3601,10,17,41.2,3600,10,14,28.6,3600,10,14,28.6,3600
full-10-15-3,45,10,10,0.0,0,10,10,0.0,0,10,10,0.0,0,10,16,37.5,3606,10,18,44.4,3600,10,18,44.4,3601,10,20,50.0,3600,10,14,28.6,3600,10,19,47.4,3600
full-10-15-4,45,10,10,0.0,2,10,10,0.0,0,10,10,0.0,3,10,46,78.3,0,10,18,44.4,3600,10,18,44.4,3601,10,27,63.0,3600,10,14,28.6,3600,10,19,47.4,3600
full-10-15-5,45,10,10,0.0,0,10,10,0.0,0,10,10,0.0,0,10,16,37.5,3608,10,18,44.4,3600,10,13,23.1,3600,10,21,52.4,3600,10,19,47.4,3600,10,14,28.6,3600
full-11-30-1,55,11,11,0.0,2,11,11,0.0,2,11,11,0.0,2,11,29,62.1,3624,11,33,66.7,3600,11,56,80.4,3611,,,,,,,,,,,,
full-11-30-2,55,11,11,0.0,1,11,11,0.0,1,11,11,0.0,1,11,26,57.7,3618,11,21,47.6,3600,11,21,47.6,3602,,,,,,,,,,,,
full-11-30-3,55,11,11,0.0,1,11,11,0.0,1,11,11,0.0,1,11,30,63.3,3617,11,21,47.6,3600,11,21,47.6,3601,,,,,,,,,,,,
full-11-30-4,55,11,11,0.0,1,11,11,0.0,1,11,11,0.0,1,11,44,75.0,3630,11,33,66.7,3600,11,33,66.7,3602,,,,,,,,,,,,
full-11-30-5,55,11,11,0.0,1,11,11,0.0,1,11,11,0.0,1,11,39,71.8,3628,11,33,66.7,3600,11,33,66.7,3601,,,,,,,,,,,,
full-11-15-1,55,11,12,8.3,3619,11,11,0.0,1,11,11,0.0,1,11,56,80.4,1,11,21,47.6,3600,11,21,47.6,3600,,,,,,,,,,,,
full-11-15-2,55,11,11,0.0,1,11,11,0.0,1,11,11,0.0,1,11,19,42.1,3627,11,33,66.7,3600,11,21,47.6,3600,,,,,,,,,,,,
full-11-15-3,55,11,11,0.0,0,11,11,0.0,0,11,11,0.0,0,11,56,80.4,1979,11,21,47.6,3600,11,21,47.6,3601,,,,,,,,,,,,
full-11-15-4,55,11,11,0.0,0,11,11,0.0,0,11,11,0.0,0,11,56,80.4,0,11,21,47.6,3600,11,15,26.7,3601,,,,,,,,,,,,
full-11-15-5,55,11,11,0.0,0,11,11,0.0,0,11,11,0.0,1,11,16,31.2,3624,11,21,47.6,3600,11,21,47.6,3602,,,,,,,,,,,,
full-12-30-1,66,12,12,0.0,2,12,12,0.0,2,12,12,0.0,2,12,67,82.1,33,12,25,52.0,3600,12,25,52.0,3601,,,,,,,,,,,,
full-12-30-2,66,12,12,0.0,2,12,12,0.0,2,12,12,0.0,2,12,58,79.3,3657,12,39,69.2,3600,12,25,52.0,3600,,,,,,,,,,,,
full-12-30-3,66,12,12,0.0,1,12,12,0.0,1,12,12,0.0,1,12,38,68.4,3652,12,25,52.0,3600,12,25,52.0,3601,,,,,,,,,,,,
full-12-30-4,66,12,12,0.0,2,12,12,0.0,2,12,12,0.0,2,12,60,80.0,3674,12,39,69.2,3601,12,25,52.0,3601,,,,,,,,,,,,
full-12-30-5,66,12,12,0.0,2,12,12,0.0,2,12,12,0.0,2,12,43,72.1,3663,12,25,52.0,3600,12,25,52.0,3600,,,,,,,,,,,,
full-12-15-1,66,12,12,0.0,1,12,12,0.0,1,12,12,0.0,1,12,33,63.6,3665,12,25,52.0,3600,12,25,52.0,3602,,,,,,,,,,,,
full-12-15-2,66,12,12,0.0,1,12,12,0.0,1,12,12,0.0,1,12,18,33.3,3647,12,25,52.0,3600,12,18,33.3,3600,,,,,,,,,,,,
full-12-15-3,66,12,12,0.0,1,12,12,0.0,1,12,12,0.0,1,12,67,82.1,1,12,25,52.0,3600,12,25,52.0,3601,,,,,,,,,,,,
full-12-15-4,66,12,12,0.0,1,12,12,0.0,1,12,12,0.0,1,12,67,82.1,0,12,25,52.0,3600,12,25,52.0,3601,,,,,,,,,,,,
full-12-15-5,66,12,12,0.0,1,12,12,0.0,1,12,12,0.0,1,12,53,77.4,3660,12,39,69.2,3601,12,25,52.0,3600,,,,,,,,,,,,
full-13-30-1,78,13,13,0.0,3,13,13,0.0,3,13,13,0.0,3,13,79,83.5,29,13,46,71.7,3601,13,29,55.2,3609,,,,,,,,,,,,
full-13-30-2,78,13,13,0.0,3,13,13,0.0,3,13,13,0.0,3,13,79,83.5,54,13,29,55.2,3600,13,29,55.2,3601,,,,,,,,,,,,
full-13-30-3,78,13,13,0.0,2,13,13,0.0,1,13,13,0.0,1,13,79,83.5,101,13,46,71.7,3601,13,20,35.0,3600,,,,,,,,,,,,
full-13-30-4,78,13,13,0.0,2,13,13,0.0,2,13,13,0.0,2,13,79,83.5,125,13,29,55.2,3600,13,29,55.2,3602,,,,,,,,,,,,
full-13-30-5,78,13,13,0.0,3,13,13,0.0,3,13,13,0.0,3,13,79,83.5,123,13,46,71.7,3601,13,29,55.2,3601,,,,,,,,,,,,
full-13-15-1,78,13,13,0.0,1,13,14,7.1,3600,13,14,7.1,3601,13,55,76.4,3715,13,29,55.2,3600,13,29,55.2,3601,,,,,,,,,,,,
full-13-15-2,78,13,13,0.0,1,13,13,0.0,1,13,13,0.0,1,13,79,83.5,99,13,29,55.2,3600,13,29,55.2,3601,,,,,,,,,,,,
full-13-15-3,78,13,14,7.1,3601,13,13,0.0,1,13,13,0.0,1,13,79,83.5,0,13,29,55.2,3600,13,29,55.2,3601,,,,,,,,,,,,
full-13-15-4,78,13,13,0.0,1,13,13,0.0,1,13,13,0.0,1,13,79,83.5,0,13,29,55.2,3600,13,29,55.2,3600,,,,,,,,,,,,
full-13-15-5,78,13,13,0.0,1,13,13,0.0,1,13,13,0.0,1,13,78,83.3,3736,13,46,71.7,3601,13,29,55.2,3605,,,,,,,,,,,,
full-14-30-1,91,14,14,0.0,5,14,14,0.0,5,14,14,0.0,5,14,92,84.8,23,14,92,84.8,3616,14,33,57.6,3601,,,,,,,,,,,,
full-14-30-2,91,14,15,6.7,3600,14,15,6.7,3599,14,14,0.0,5,14,92,84.8,50,14,92,84.8,3616,14,92,84.8,3614,,,,,,,,,,,,
full-14-30-3,91,14,14,0.0,5,14,14,0.0,5,14,14,0.0,5,14,92,84.8,56,14,33,57.6,3600,14,53,73.6,3602,,,,,,,,,,,,
full-14-30-4,91,14,14,0.0,3,14,14,0.0,3,14,14,0.0,3,14,92,84.8,97,14,53,73.6,3603,14,53,73.6,3603,,,,,,,,,,,,
full-14-30-5,91,14,14,0.0,4,14,14,0.0,4,14,14,0.0,4,14,92,84.8,110,14,92,84.8,3620,14,33,57.6,3601,,,,,,,,,,,,
full-14-15-1,91,14,14,0.0,2,14,16,12.5,3600,14,14,0.0,3,14,92,84.8,236,14,33,57.6,3601,14,23,39.1,3600,,,,,,,,,,,,
full-14-15-2,91,14,14,0.0,2,14,15,6.7,3600,14,15,6.7,3609,14,92,84.8,62,14,23,39.1,3600,14,33,57.6,3602,,,,,,,,,,,,
full-14-15-3,91,14,15,6.7,3603,14,14,0.0,2,14,15,6.7,3600,14,92,84.8,117,14,33,57.6,3601,14,33,57.6,3601,,,,,,,,,,,,
full-14-15-4,91,14,15,6.7,3606,14,15,6.7,3600,14,15,6.7,3606,14,92,84.8,228,14,33,57.6,3601,14,33,57.6,3601,,,,,,,,,,,,
full-14-15-5,91,14,14,0.0,2,14,14,0.0,2,14,14,0.0,2,14,92,84.8,105,14,33,57.6,3600,14,23,39.1,3602,,,,,,,,,,,,
full-15-30-1,105,15,15,0.0,8,15,15,0.0,8,15,15,0.0,8,15,106,85.8,13,15,106,85.8,3632,15,37,59.5,3601,,,,,,,,,,,,
full-15-30-2,105,15,15,0.0,7,15,15,0.0,7,15,15,0.0,7,15,106,85.8,30,15,37,59.5,3601,15,37,59.5,3601,,,,,,,,,,,,
full-15-30-3,105,15,15,0.0,7,15,15,0.0,8,15,15,0.0,8,15,106,85.8,46,15,106,85.8,3628,15,37,59.5,3601,,,,,,,,,,,,
full-15-30-4,105,15,15,0.0,6,15,15,0.0,6,15,15,0.0,6,15,106,85.8,62,15,60,75.0,3605,15,60,75.0,3606,,,,,,,,,,,,
full-15-30-5,105,15,15,0.0,8,15,15,0.0,8,15,15,0.0,8,15,106,85.8,58,15,60,75.0,3605,15,60,75.0,3605,,,,,,,,,,,,
full-15-15-1,105,15,16,6.2,3600,15,16,6.2,3600,15,15,0.0,3,15,106,85.8,122,15,37,59.5,3601,15,25,40.0,3600,,,,,,,,,,,,
full-15-15-2,105,15,15,0.0,4,15,15,0.0,4,15,15,0.0,4,15,106,85.8,49,15,37,59.5,3600,15,37,59.5,3603,,,,,,,,,,,,
full-15-15-3,105,15,15,0.0,4,15,15,0.0,4,15,16,6.2,3607,15,106,85.8,82,15,37,59.5,3601,15,37,59.5,3601,,,,,,,,,,,,
full-15-15-4,105,15,15,0.0,3,15,15,0.0,3,15,15,0.0,3,15,106,85.8,125,15,37,59.5,3600,15,25,40.0,3600,,,,,,,,,,,,
full-15-15-5,105,15,16,6.2,3600,15,15,0.0,4,15,15,0.0,4,15,106,85.8,128,15,37,59.5,3601,15,37,59.5,3543,,,,,,,,,,,,
full-16-30-1,120,16,17,5.9,3602,16,18,11.1,3600,16,17,5.9,3604,16,121,86.8,7,16,41,61.0,3601,16,41,61.0,3602,,,,,,,,,,,,
full-16-30-2,120,16,16,0.0,11,16,16,0.0,10,16,16,0.0,11,16,121,86.8,19,16,68,76.5,3609,16,41,61.0,3602,,,,,,,,,,,,
full-16-30-3,120,16,16,0.0,13,16,16,0.0,13,16,16,0.0,13,16,121,86.8,21,16,68,76.5,3607,16,68,76.5,3611,,,,,,,,,,,,
full-16-30-4,120,16,16,0.0,9,16,16,0.0,9,16,16,0.0,9,16,121,86.8,24,16,68,76.5,3610,16,41,61.0,3603,,,,,,,,,,,,
full-16-30-5,120,16,17,5.9,3601,16,16,0.0,11,16,16,0.0,11,16,121,86.8,32,16,68,76.5,3610,16,41,61.0,3603,,,,,,,,,,,,
full-16-15-1,120,16,19,15.8,3600,16,19,15.8,3600,16,20,20.0,3604,16,121,86.8,83,16,41,61.0,3601,16,41,61.0,3601,,,,,,,,,,,,
full-16-15-2,120,16,17,5.9,3600,16,17,5.9,3600,16,18,11.1,3600,16,121,86.8,33,16,41,61.0,3601,16,41,61.0,3602,,,,,,,,,,,,
full-16-15-3,120,16,16,0.0,6,16,17,5.9,3601,16,17,5.9,3604,16,121,86.8,43,16,68,76.5,3606,16,28,42.9,3600,,,,,,,,,,,,
full-16-15-4,120,16,16,0.0,6,16,17,5.9,3600,16,16,0.0,6,16,121,86.8,71,16,41,61.0,3601,16,41,61.0,3601,,,,,,,,,,,,
full-16-15-5,120,16,17,5.9,3600,16,16,0.0,5,16,17,5.9,3600,16,121,86.8,94,16,28,42.9,3601,16,41,61.0,3601,,,,,,,,,,,,
miss-5-15-2-4,8,5,5,0.0,0,5,5,0.0,0,5,5,0.0,0,5,5,0.0,0,5,5,0.0,0,5,5,0.0,0,5,5,0.0,0,5,5,0.0,0,5,5,0.0,0
miss-5-15-2-5,8,5,5,0.0,0,5,5,0.0,0,5,5,0.0,0,5,5,0.0,0,5,5,0.0,0,5,5,0.0,0,5,5,0.0,0,5,5,0.0,0,5,5,0.0,0
miss-5-30-2-1,8,5,5,0.0,0,5,5,0.0,0,5,5,0.0,0,5,5,0.0,0,5,5,0.0,0,5,5,0.0,0,5,5,0.0,0,5,5,0.0,0,5,5,0.0,0
miss-5-30-2-2,8,5,5,0.0,0,5,5,0.0,0,5,5,0.0,0,5,5,0.0,0,5,5,0.0,0,5,5,0.0,0,5,5,0.0,0,5,5,0.0,0,5,5,0.0,0
miss-5-30-2-3,8,5,5,0.0,0,5,5,0.0,0,5,5,0.0,0,5,5,0.0,0,5,5,0.0,0,5,5,0.0,0,5,5,0.0,0,5,5,0.0,0,5,5,0.0,0
miss-5-30-2-4,8,5,5,0.0,0,5,5,0.0,0,5,5,0.0,0,5,5,0.0,0,5,5,0.0,0,5,5,0.0,0,5,5,0.0,0,5,5,0.0,0,5,5,0.0,0
miss-5-30-2-5,8,5,5,0.0,0,5,5,0.0,0,5,5,0.0,0,5,5,0.0,0,5,5,0.0,0,5,5,0.0,0,5,5,0.0,0,5,5,0.0,0,5,5,0.0,0
miss-5-15-2-1,8,5,5,0.0,0,5,5,0.0,0,5,5,0.0,0,5,5,0.0,0,5,5,0.0,0,5,5,0.0,0,5,5,0.0,0,5,5,0.0,0,5,5,0.0,0
miss-5-15-2-2,8,5,5,0.0,0,5,5,0.0,0,5,5,0.0,0,5,5,0.0,0,5,5,0.0,0,5,5,0.0,0,5,5,0.0,0,5,5,0.0,0,5,5,0.0,0
miss-5-15-2-3,8,5,5,0.0,0,5,5,0.0,0,5,5,0.0,0,5,5,0.0,0,5,5,0.0,0,5,5,0.0,0,5,5,0.0,0,5,5,0.0,0,5,5,0.0,0
miss-6-15-2-4,13,6,6,0.0,0,6,6,0.0,0,6,6,0.0,0,6,6,0.0,2,6,6,0.0,1,6,6,0.0,2,6,6,0.0,9,6,6,0.0,2,6,6,0.0,3
miss-6-15-2-5,13,6,6,0.0,0,6,6,0.0,0,6,6,0.0,0,6,6,0.0,2,6,6,0.0,1,6,6,0.0,5,6,6,0.0,2,6,6,0.0,2,6,6,0.0,11
miss-6-30-2-1,13,6,6,0.0,0,6,6,0.0,0,6,6,0.0,0,6,6,0.0,2,6,6,0.0,3,6,6,0.0,9,6,6,0.0,5,6,6,0.0,4,6,6,0.0,39
miss-6-30-2-2,13,6,6,0.0,0,6,6,0.0,0,6,6,0.0,0,6,6,0.0,14,6,6,0.0,3,6,6,0.0,5,6,6,0.0,23,6,6,0.0,15,6,6,0.0,7
miss-6-30-2-3,13,6,6,0.0,0,6,6,0.0,0,6,6,0.0,0,6,6,0.0,11,6,6,0.0,1,6,6,0.0,4,6,6,0.0,9,6,6,0.0,2,6,6,0.0,2
miss-6-30-2-4,13,6,6,0.0,0,6,6,0.0,0,6,6,0.0,0,6,6,0.0,8,6,6,0.0,3,6,6,0.0,2,6,6,0.0,1,6,6,0.0,2,6,6,0.0,4
miss-6-30-2-5,13,6,6,0.0,0,6,6,0.0,0,6,6,0.0,0,6,6,0.0,3,6,6,0.0,1,6,6,0.0,10,6,6,0.0,29,6,6,0.0,8,6,6,0.0,20
miss-6-15-2-1,13,6,6,0.0,0,6,6,0.0,0,6,6,0.0,0,6,6,0.0,8,6,6,0.0,2,6,6,0.0,16,6,6,0.0,24,6,6,0.0,8,6,6,0.0,14
miss-6-15-2-2,13,6,6,0.0,0,6,6,0.0,0,6,6,0.0,0,6,6,0.0,1,6,6,0.0,0,6,6,0.0,1,6,6,0.0,1,6,6,0.0,1,6,6,0.0,2
miss-6-15-2-3,13,6,6,0.0,0,6,6,0.0,0,6,6,0.0,0,6,6,0.0,1,6,6,0.0,1,6,6,0.0,1,6,6,0.0,2,6,6,0.0,3,6,6,0.0,7
miss-7-15-3-4,18,7,7,0.0,0,7,7,0.0,0,7,7,0.0,0,7,7,0.0,63,7,7,0.0,7,7,7,0.0,32,7,7,0.0,188,7,7,0.0,82,7,7,0.0,30
miss-7-15-3-5,18,7,7,0.0,0,7,7,0.0,0,7,7,0.0,0,7,19,63.2,1,7,7,0.0,21,7,7,0.0,8,7,7,0.0,72,7,7,0.0,100,7,7,0.0,218
miss-7-30-3-1,18,7,7,0.0,0,7,7,0.0,0,7,7,0.0,0,7,7,0.0,108,7,7,0.0,8,7,7,0.0,191,7,7,0.0,722,7,7,0.0,242,7,7,0.0,706
miss-7-30-3-2,18,7,7,0.0,0,7,7,0.0,0,7,7,0.0,0,7,7,0.0,1506,7,7,0.0,165,7,7,0.0,2639,7,7,0.0,3451,7,10,30.0,3600,7,10,30.0,3600
miss-7-30-3-3,18,7,7,0.0,0,7,7,0.0,0,7,7,0.0,0,7,7,0.0,1284,7,7,0.0,36,7,7,0.0,1079,7,7,0.0,244,7,7,0.0,1455,7,7,0.0,1183
miss-7-30-3-4,18,7,7,0.0,0,7,7,0.0,0,7,7,0.0,0,7,7,0.0,3384,7,7,0.0,49,7,7,0.0,350,7,10,30.0,3600,7,7,0.0,1207,7,7,0.0,167
miss-7-30-3-5,18,7,7,0.0,0,7,7,0.0,0,7,7,0.0,0,7,7,0.0,126,7,7,0.0,41,7,7,0.0,1112,7,7,0.0,245,7,7,0.0,680,7,7,0.0,2600
miss-7-15-3-1,18,7,7,0.0,0,7,7,0.0,0,7,7,0.0,0,7,7,0.0,28,7,7,0.0,4,7,7,0.0,21,7,7,0.0,55,7,7,0.0,14,7,7,0.0,47
miss-7-15-3-2,18,7,7,0.0,0,7,7,0.0,0,7,7,0.0,0,7,7,0.0,69,7,7,0.0,6,7,7,0.0,60,7,7,0.0,297,7,7,0.0,14,7,7,0.0,119
miss-7-15-3-3,18,7,7,0.0,0,7,7,0.0,0,7,7,0.0,0,7,19,63.2,0,7,7,0.0,5,7,7,0.0,47,7,7,0.0,214,7,7,0.0,36,7,7,0.0,869
miss-8-15-3-4,25,8,8,0.0,0,8,8,0.0,0,8,8,0.0,0,8,10,20.0,3600,8,8,0.0,297,8,8,0.0,3269,8,10,20.0,3600,8,9,11.1,3600,8,8,0.0,3541
miss-8-15-3-5,25,8,8,0.0,0,8,8,0.0,0,8,8,0.0,0,8,26,69.2,0,8,8,0.0,2041,8,12,33.3,3600,8,11,27.3,3600,8,8,0.0,1640,8,8,0.0,2126
miss-8-30-3-1,25,8,8,0.0,0,8,8,0.0,0,8,8,0.0,0,8,13,38.5,3601,8,12,33.3,3600,8,12,33.3,3601,8,13,38.5,3600,8,12,33.3,3600,8,12,33.3,3600
miss-8-30-3-2,25,8,8,0.0,0,8,8,0.0,0,8,8,0.0,0,8,13,38.5,3600,8,12,33.3,3600,8,12,33.3,3600,8,16,50.0,3600,8,12,33.3,3600,8,17,52.9,3600
miss-8-30-3-3,25,8,8,0.0,0,8,8,0.0,0,8,8,0.0,0,8,10,20.0,3601,8,12,33.3,3600,8,9,11.1,3600,8,13,38.5,3600,8,12,33.3,3600,8,17,52.9,3600
miss-8-30-3-4,25,8,8,0.0,0,8,8,0.0,0,8,8,0.0,0,8,10,20.0,3601,8,12,33.3,3600,8,8,0.0,2265,8,8,0.0,509,8,10,20.0,3600,8,12,33.3,3600
miss-8-30-3-5,25,8,8,0.0,0,8,8,0.0,0,8,8,0.0,0,8,13,38.5,3601,8,17,52.9,3600,8,12,33.3,3600,8,15,46.7,3600,8,12,33.3,3600,8,12,33.3,3600
miss-8-15-3-1,25,8,8,0.0,0,8,8,0.0,0,8,8,0.0,0,8,26,69.2,298,8,8,0.0,3026,8,12,33.3,3600,8,13,38.5,3600,8,12,33.3,3600,8,8,0.0,2011
miss-8-15-3-2,25,8,8,0.0,0,8,8,0.0,0,8,8,0.0,0,8,9,11.1,3600,8,12,33.3,3600,8,9,11.1,3600,8,14,42.9,3600,8,17,52.9,3600,8,17,52.9,3600
miss-8-15-3-3,25,8,8,0.0,0,8,8,0.0,0,8,8,0.0,0,8,26,69.2,0,8,8,0.0,810,8,8,0.0,2000,8,8,0.0,870,8,10,20.0,3600,8,10,20.0,3600
miss-9-15-4-4,32,9,9,0.0,0,9,9,0.0,0,9,9,0.0,0,9,11,18.2,3601,9,14,35.7,3600,9,17,47.1,3600,9,15,40.0,3600,9,12,25.0,3600,,,,
miss-9-15-4-5,32,9,9,0.0,0,9,9,0.0,0,9,9,0.0,0,9,33,72.7,0,9,9,0.0,296,9,9,0.0,3274,9,12,25.0,3600,9,12,25.0,3600,9,10,10.0,3600
miss-9-30-4-1,32,9,9,0.0,0,9,9,0.0,0,9,9,0.0,0,9,15,40.0,3601,9,21,57.1,3600,9,14,35.7,3601,9,26,65.4,3600,9,21,57.1,3600,9,15,40.0,3600
miss-9-30-4-2,32,9,9,0.0,0,9,9,0.0,0,9,9,0.0,0,9,33,72.7,3127,9,14,35.7,3600,9,14,35.7,3601,9,25,64.0,3600,9,15,40.0,3600,9,15,40.0,3600
miss-9-30-4-3,32,9,9,0.0,0,9,9,0.0,0,9,9,0.0,0,9,13,30.8,3602,9,14,35.7,3600,9,14,35.7,3600,9,24,62.5,3600,9,21,57.1,3600,9,15,40.0,3600
miss-9-30-4-4,32,9,9,0.0,0,9,9,0.0,0,9,9,0.0,0,9,12,25.0,3601,9,14,35.7,3600,9,14,35.7,3601,9,28,67.9,3600,9,15,40.0,3600,9,15,40.0,3600
miss-9-30-4-5,32,9,9,0.0,0,9,9,0.0,0,9,9,0.0,0,9,20,55.0,3601,9,14,35.7,3600,9,14,35.7,3601,9,26,65.4,3600,9,15,40.0,3600,9,33,72.7,3600
miss-9-15-4-1,32,9,9,0.0,0,9,9,0.0,0,9,9,0.0,0,9,33,72.7,0,9,21,57.1,3600,9,14,35.7,3611,9,11,18.2,3600,9,15,40.0,3600,9,15,40.0,3600
miss-9-15-4-2,32,9,9,0.0,0,9,9,0.0,0,9,9,0.0,0,9,10,10.0,3601,9,21,57.1,3600,9,11,18.2,3600,9,20,55.0,3600,9,12,25.0,3600,9,12,25.0,3600
miss-9-15-4-3,32,9,9,0.0,1,9,9,0.0,1,9,9,0.0,1,9,12,25.0,3601,9,9,0.0,1082,9,14,35.7,3601,9,17,47.1,3600,9,15,40.0,3600,9,15,40.0,3600
miss-10-15-4-4,41,10,10,0.0,0,10,10,0.0,0,10,10,0.0,0,10,15,33.3,3603,10,17,41.2,3600,10,13,23.1,3601,10,17,41.2,3600,10,14,28.6,3600,10,18,44.4,3600
miss-10-15-4-5,41,10,10,0.0,0,10,10,0.0,0,10,10,0.0,0,10,16,37.5,3604,10,17,41.2,3600,10,13,23.1,3600,10,15,33.3,3600,10,18,44.4,3600,10,10,0.0,452
miss-10-30-4-1,41,10,10,0.0,0,10,10,0.0,0,10,10,0.0,1,10,23,56.5,3604,10,26,61.5,3600,10,17,41.2,3600,10,32,68.8,3600,10,26,61.5,3600,10,26,61.5,3600
miss-10-30-4-2,41,10,10,0.0,1,10,10,0.0,0,10,10,0.0,1,10,24,58.3,3605,10,17,41.2,3600,10,17,41.2,3600,10,42,76.2,3600,10,18,44.4,3600,10,18,44.4,3600
miss-10-30-4-3,41,10,10,0.0,1,10,10,0.0,1,10,10,0.0,1,10,42,76.2,0,10,26,61.5,3600,10,17,41.2,3600,10,42,76.2,3600,10,26,61.5,3600,10,18,44.4,3600
miss-10-30-4-4,41,10,10,0.0,1,10,10,0.0,1,10,10,0.0,1,10,42,76.2,0,10,26,61.5,3600,10,17,41.2,3600,10,40,75.0,3600,10,26,61.5,3600,10,42,76.2,3600
miss-10-30-4-5,41,10,10,0.0,1,10,10,0.0,1,10,10,0.0,1,10,17,41.2,3605,10,26,61.5,3600,10,26,61.5,3602,10,42,76.2,3600,10,18,44.4,3600,10,26,61.5,3600
miss-10-15-4-1,41,10,10,0.0,0,10,10,0.0,0,10,10,0.0,0,10,21,52.4,3605,10,17,41.2,3600,10,17,41.2,3600,10,28,64.3,3600,10,18,44.4,3600,10,26,61.5,3600
miss-10-15-4-2,41,10,10,0.0,0,10,10,0.0,0,10,10,0.0,0,10,42,76.2,0,10,26,61.5,3600,10,17,41.2,3601,10,23,56.5,3600,10,18,44.4,3600,10,26,61.5,3600
miss-10-15-4-3,41,10,10,0.0,0,10,10,0.0,0,10,10,0.0,0,10,13,23.1,3604,10,17,41.2,3600,10,17,41.2,3600,10,17,41.2,3600,10,18,44.4,3600,10,26,61.5,3600
miss-11-15-5-4,50,11,11,0.0,0,11,11,0.0,0,11,11,0.0,0,11,19,42.1,3611,11,20,45.0,3600,11,20,45.0,3600,,,,,,,,,,,,
miss-11-15-5-5,50,11,11,0.0,0,11,11,0.0,0,11,11,0.0,0,11,51,78.4,8,11,20,45.0,3600,11,20,45.0,3601,,,,,,,,,,,,
miss-11-30-5-1,50,11,11,0.0,1,11,11,0.0,1,11,11,0.0,1,11,19,42.1,3613,11,31,64.5,3600,11,20,45.0,3600,,,,,,,,,,,,
miss-11-30-5-2,50,11,11,0.0,1,11,11,0.0,1,11,11,0.0,1,11,28,60.7,3618,11,31,64.5,3600,11,20,45.0,3600,,,,,,,,,,,,
miss-11-30-5-3,50,11,11,0.0,1,11,11,0.0,1,11,11,0.0,1,11,51,78.4,0,11,31,64.5,3600,11,20,45.0,3600,,,,,,,,,,,,
miss-11-30-5-4,50,11,11,0.0,1,11,11,0.0,1,11,11,0.0,1,11,51,78.4,0,11,20,45.0,3600,11,20,45.0,3602,,,,,,,,,,,,
miss-11-30-5-5,50,11,11,0.0,1,11,11,0.0,1,11,11,0.0,1,11,24,54.2,3613,11,20,45.0,3600,11,20,45.0,3600,,,,,,,,,,,,
miss-11-15-5-1,50,11,11,0.0,0,11,11,0.0,0,11,11,0.0,0,11,24,54.2,3611,11,20,45.0,3600,11,15,26.7,3600,,,,,,,,,,,,
miss-11-15-5-2,50,11,11,0.0,0,11,12,8.3,3601,11,12,8.3,3600,11,51,78.4,0,11,15,26.7,3600,11,15,26.7,3600,,,,,,,,,,,,
miss-11-15-5-3,50,11,11,0.0,0,11,11,0.0,0,11,11,0.0,0,11,22,50.0,3615,11,20,45.0,3600,11,20,45.0,3600,,,,,,,,,,,,
miss-12-15-5-4,61,12,12,0.0,1,12,12,0.0,1,12,12,0.0,1,12,22,45.5,3635,12,37,67.6,3600,12,24,50.0,3296,,,,,,,,,,,,
miss-12-15-5-5,61,12,12,0.0,0,12,12,0.0,0,12,12,0.0,0,12,62,80.6,5,12,17,29.4,3600,12,24,50.0,3600,,,,,,,,,,,,
miss-12-30-5-1,61,12,12,0.0,2,12,12,0.0,2,12,12,0.0,2,12,38,68.4,3639,12,37,67.6,3600,12,24,50.0,3600,,,,,,,,,,,,
miss-12-30-5-2,61,12,12,0.0,2,12,12,0.0,2,12,12,0.0,2,12,35,65.7,3653,12,24,50.0,3600,12,37,67.6,3601,,,,,,,,,,,,
miss-12-30-5-3,61,12,12,0.0,2,12,12,0.0,2,12,12,0.0,2,12,34,64.7,3644,12,37,67.6,3600,12,24,50.0,3600,,,,,,,,,,,,
miss-12-30-5-4,61,12,12,0.0,1,12,12,0.0,1,12,12,0.0,1,12,62,80.6,0,12,24,50.0,3600,12,24,50.0,3601,,,,,,,,,,,,
miss-12-30-5-5,61,12,12,0.0,1,12,12,0.0,1,12,12,0.0,1,12,46,73.9,3637,12,24,50.0,3600,12,24,50.0,3601,,,,,,,,,,,,
miss-12-15-5-1,61,12,12,0.0,1,12,12,0.0,1,12,12,0.0,1,12,62,80.6,13,12,37,67.6,3600,12,24,50.0,3600,,,,,,,,,,,,
miss-12-15-5-2,61,12,12,0.0,1,12,12,0.0,1,12,12,0.0,1,12,62,80.6,0,12,24,50.0,3600,12,17,29.4,3600,,,,,,,,,,,,
miss-12-15-5-3,61,12,13,7.7,3610,12,14,14.3,3600,12,13,7.7,3617,12,62,80.6,16,12,24,50.0,3600,12,17,29.4,3600,,,,,,,,,,,,
miss-13-15-6-4,72,13,13,0.0,1,13,13,0.0,1,13,13,0.0,1,13,73,82.2,49,13,27,51.9,3600,13,27,51.9,3600,,,,,,,,,,,,
miss-13-15-6-5,72,13,14,7.1,3600,13,13,0.0,1,13,14,7.1,3601,13,73,82.2,4,13,19,31.6,3600,13,19,31.6,3601,,,,,,,,,,,,
miss-13-30-6-1,72,13,13,0.0,3,13,13,0.0,3,13,13,0.0,3,13,59,78.0,3694,13,43,69.8,3601,13,27,51.9,3600,,,,,,,,,,,,
miss-13-30-6-2,72,13,13,0.0,2,13,13,0.0,2,13,13,0.0,2,13,73,82.2,86,13,43,69.8,3601,13,43,69.8,3602,,,,,,,,,,,,
miss-13-30-6-3,72,13,13,0.0,3,13,13,0.0,3,13,13,0.0,3,13,61,78.7,3708,13,43,69.8,3601,13,43,69.8,3602,,,,,,,,,,,,
miss-13-30-6-4,72,13,13,0.0,3,13,13,0.0,3,13,13,0.0,3,13,73,82.2,0,13,27,51.9,3600,13,27,51.9,3600,,,,,,,,,,,,
miss-13-30-6-5,72,13,13,0.0,2,13,13,0.0,2,13,13,0.0,2,13,73,82.2,70,13,43,69.8,3601,13,27,51.9,3600,,,,,,,,,,,,
miss-13-15-6-1,72,13,13,0.0,1,13,13,0.0,1,13,13,0.0,1,13,73,82.2,10,13,43,69.8,3600,13,27,51.9,3600,,,,,,,,,,,,
miss-13-15-6-2,72,13,13,0.0,1,13,14,7.1,3600,13,13,0.0,1,13,28,53.6,3687,13,27,51.9,3600,13,27,51.9,3601,,,,,,,,,,,,
miss-13-15-6-3,72,13,13,0.0,1,13,13,0.0,1,13,13,0.0,1,13,73,82.2,9,13,27,51.9,3600,13,19,31.6,3600,,,,,,,,,,,,
miss-14-15-6-4,85,14,14,0.0,2,14,14,0.0,2,14,14,0.0,2,14,86,83.7,32,14,31,54.8,3600,14,31,54.8,3600,,,,,,,,,,,,
miss-14-15-6-5,85,14,14,0.0,2,14,14,0.0,2,14,14,0.0,2,14,86,83.7,2,14,31,54.8,3600,14,31,54.8,3602,,,,,,,,,,,,
miss-14-30-6-1,85,14,14,0.0,3,14,14,0.0,3,14,14,0.0,3,14,86,83.7,70,14,31,54.8,3600,14,31,54.8,3601,,,,,,,,,,,,
miss-14-30-6-2,85,14,14,0.0,4,14,14,0.0,4,14,14,0.0,4,14,86,83.7,50,14,50,72.0,3601,14,31,54.8,3600,,,,,,,,,,,,
miss-14-30-6-3,85,14,14,0.0,3,14,14,0.0,3,14,14,0.0,3,14,86,83.7,192,14,31,54.8,3600,14,31,54.8,3600,,,,,,,,,,,,
miss-14-30-6-4,85,14,15,6.7,3602,14,14,0.0,4,14,14,0.0,4,14,86,83.7,0,14,50,72.0,3601,14,31,54.8,3602,,,,,,,,,,,,
miss-14-30-6-5,85,14,14,0.0,5,14,14,0.0,5,14,14,0.0,5,14,86,83.7,46,14,50,72.0,3602,14,31,54.8,3601,,,,,,,,,,,,
miss-14-15-6-1,85,14,15,6.7,3604,14,15,6.7,3599,14,15,6.7,3607,14,86,83.7,6,14,50,72.0,3601,14,31,54.8,3600,,,,,,,,,,,,
miss-14-15-6-2,85,14,15,6.7,3600,14,15,6.7,3600,14,14,0.0,2,14,86,83.7,167,14,31,54.8,3600,14,22,36.4,3600,,,,,,,,,,,,
miss-14-15-6-3,85,14,14,0.0,2,14,14,0.0,2,14,14,0.0,2,14,86,83.7,6,14,31,54.8,3600,14,31,54.8,3600,,,,,,,,,,,,
miss-15-15-7-4,98,15,15,0.0,4,15,17,11.8,3601,15,15,0.0,4,15,99,84.8,25,15,35,57.1,3601,15,35,57.1,3601,,,,,,,,,,,,
miss-15-15-7-5,98,15,15,0.0,3,15,15,0.0,3,15,15,0.0,3,15,99,84.8,1,15,57,73.7,3603,15,35,57.1,3602,,,,,,,,,,,,
miss-15-30-7-1,98,15,15,0.0,5,15,15,0.0,5,15,15,0.0,5,15,99,84.8,63,15,99,84.8,3618,15,35,57.1,3601,,,,,,,,,,,,
miss-15-30-7-2,98,15,15,0.0,6,15,15,0.0,6,15,15,0.0,6,15,99,84.8,39,15,57,73.7,3605,15,35,57.1,3602,,,,,,,,,,,,
miss-15-30-7-3,98,15,15,0.0,7,15,16,6.2,3600,15,15,0.0,7,15,99,84.8,150,15,35,57.1,3601,15,35,57.1,3601,,,,,,,,,,,,
miss-15-30-7-4,98,15,15,0.0,5,15,15,0.0,5,15,16,6.2,3601,15,99,84.8,255,15,35,57.1,3601,15,57,73.7,3606,,,,,,,,,,,,
miss-15-30-7-5,98,15,15,0.0,6,15,15,0.0,6,15,16,6.2,3604,15,99,84.8,28,15,57,73.7,3603,15,35,57.1,3601,,,,,,,,,,,,
miss-15-15-7-1,98,15,17,11.8,3600,15,16,6.2,3600,15,18,16.7,3600,15,99,84.8,4,15,35,57.1,3600,15,35,57.1,3601,,,,,,,,,,,,
miss-15-15-7-2,98,15,16,6.2,3600,15,15,0.0,4,15,15,0.0,4,15,99,84.8,104,15,35,57.1,3601,15,35,57.1,3364,,,,,,,,,,,,
miss-15-15-7-3,98,15,15,0.0,2,15,15,0.0,2,15,18,16.7,3600,15,99,84.8,3,15,35,57.1,3601,15,24,37.5,3601,,,,,,,,,,,,
miss-16-15-7-4,113,16,16,0.0,4,16,16,0.0,4,16,17,5.9,3600,16,114,86.0,23,16,40,60.0,3601,16,40,60.0,3601,,,,,,,,,,,,
miss-16-15-7-5,113,16,18,11.1,3600,16,19,15.8,3601,16,19,15.8,3601,16,114,86.0,0,16,27,40.7,3600,16,27,40.7,3600,,,,,,,,,,,,
miss-16-30-7-1,113,16,16,0.0,6,16,17,5.9,3600,16,17,5.9,3602,16,114,86.0,46,16,65,75.4,3605,16,40,60.0,3601,,,,,,,,,,,,
miss-16-30-7-2,113,16,16,0.0,9,16,16,0.0,9,16,16,0.0,9,16,114,86.0,22,16,65,75.4,3609,16,65,75.4,3610,,,,,,,,,,,,
miss-16-30-7-3,113,16,16,0.0,9,16,16,0.0,9,16,16,0.0,9,16,114,86.0,122,16,40,60.0,3602,16,65,75.4,3615,,,,,,,,,,,,
miss-16-30-7-4,113,16,16,0.0,8,16,16,0.0,8,16,16,0.0,8,16,114,86.0,131,16,65,75.4,3606,16,65,75.4,3608,,,,,,,,,,,,
miss-16-30-7-5,113,16,16,0.0,10,16,16,0.0,10,16,16,0.0,10,16,114,86.0,18,16,65,75.4,3606,16,40,60.0,3612,,,,,,,,,,,,
miss-16-15-7-1,113,16,16,0.0,5,16,16,0.0,5,16,18,11.1,3604,16,114,86.0,2,16,40,60.0,3601,16,27,40.7,3600,,,,,,,,,,,,
miss-16-15-7-2,113,16,17,5.9,3600,16,17,5.9,3600,16,17,5.9,3600,16,114,86.0,78,16,40,60.0,3601,16,40,60.0,3601,,,,,,,,,,,,
miss-16-15-7-3,113,16,16,0.0,5,16,16,0.0,5,16,17,5.9,3603,16,114,86.0,1,16,40,60.0,3601,16,40,60.0,3601,,,,,,,,,,,,
miss-17-15-8-4,128,17,19,10.5,3602,17,19,10.5,3600,17,18,5.6,3604,17,129,86.8,10,17,44,61.4,3601,17,44,61.4,3604,,,,,,,,,,,,
miss-17-15-8-5,128,17,17,0.0,6,17,17,0.0,6,17,19,10.5,3603,17,129,86.8,0,17,44,61.4,3601,17,30,43.3,3601,,,,,,,,,,,,
miss-17-30-8-1,128,17,17,0.0,12,17,17,0.0,12,17,17,0.0,12,17,129,86.8,29,17,129,86.8,3663,17,129,86.8,3676,,,,,,,,,,,,
miss-17-30-8-2,128,17,17,0.0,14,17,17,0.0,13,17,18,5.6,3600,17,129,86.8,14,17,73,76.7,3612,17,73,76.7,3612,,,,,,,,,,,,
miss-17-30-8-3,128,17,17,0.0,13,17,17,0.0,13,17,17,0.0,13,17,129,86.8,68,17,129,86.8,3704,17,44,61.4,3609,,,,,,,,,,,,
miss-17-30-8-4,128,17,18,5.6,3601,17,17,0.0,12,17,18,5.6,3600,17,129,86.8,64,17,73,76.7,3609,17,73,76.7,3610,,,,,,,,,,,,
miss-17-30-8-5,128,17,17,0.0,11,17,19,10.5,3600,17,17,0.0,11,17,129,86.8,11,17,44,61.4,3602,17,44,61.4,3602,,,,,,,,,,,,
miss-17-15-8-1,128,17,17,0.0,6,17,17,0.0,6,17,17,0.0,6,17,129,86.8,0,17,44,61.4,3602,17,30,43.3,3601,,,,,,,,,,,,
miss-17-15-8-2,128,17,20,15.0,3601,17,21,19.0,3600,17,21,19.0,3600,17,129,86.8,48,17,30,43.3,3601,17,30,43.3,3601,,,,,,,,,,,,
miss-17-15-8-3,128,17,19,10.5,3601,17,17,0.0,7,17,20,15.0,3601,17,129,86.8,0,17,44,61.4,3602,17,30,43.3,3601,,,,,,,,,,,,
join-5-30-5-30-1,20,9,9,0.0,3599,7,9,22.2,3599,7,9,22.2,3600,7,9,22.2,3600,7,10,30.0,3600,7,10,30.0,3600,7,13,46.2,3600,7,10,30.0,3600,7,10,30.0,3600
join-5-30-5-30-2,20,9,9,0.0,3599,9,9,0.0,2668,7,9,22.2,3599,7,21,66.7,1429,7,10,30.0,3600,7,10,30.0,3600,7,9,22.2,3600,7,10,30.0,3600,7,10,30.0,3600
join-5-30-5-30-3,20,9,9,0.0,2729,9,9,0.0,1080,8,9,11.1,3599,7,9,22.2,3600,9,9,0.0,2368,7,10,30.0,3600,7,12,41.7,3600,7,14,50.0,3600,7,10,30.0,3600
join-5-15-5-15-1,20,8,8,0.0,58,8,8,0.0,34,8,8,0.0,283,8,8,0.0,3335,8,8,0.0,181,8,8,0.0,331,8,8,0.0,1189,8,8,0.0,33,8,8,0.0,443
join-5-15-5-15-2,20,8,8,0.0,25,8,8,0.0,16,8,8,0.0,252,8,8,0.0,75,8,8,0.0,240,7,8,12.5,3600,8,8,0.0,2362,8,8,0.0,64,8,8,0.0,342
join-5-15-5-15-3,20,8,8,0.0,10,8,8,0.0,11,8,8,0.0,61,8,8,0.0,38,8,8,0.0,13,8,8,0.0,84,8,8,0.0,155,8,8,0.0,31,8,8,0.0,339
join-6-15-5-15-1,25,9,9,0.0,1613,9,9,0.0,504,8,9,11.1,3600,8,9,11.1,3600,9,9,0.0,3354,8,9,11.1,3601,8,10,20.0,3600,9,9,0.0,2817,8,12,33.3,3600
join-6-15-5-15-2,25,9,9,0.0,1145,9,9,0.0,275,9,9,0.0,654,8,9,11.1,3600,9,9,0.0,220,9,9,0.0,1112,8,9,11.1,3600,8,10,20.0,3600,9,9,0.0,642
join-6-15-5-15-3,25,9,9,0.0,754,9,9,0.0,1618,8,9,11.1,3600,8,9,11.1,3600,9,9,0.0,2090,8,9,11.1,3601,8,12,33.3,3600,8,10,20.0,3600,8,9,11.1,3600
join-6-30-5-30-1,25,8,10,20.0,3599,8,10,20.0,3599,8,10,20.0,3601,8,12,33.3,3603,8,17,52.9,3600,8,12,33.3,3600,8,15,46.7,3600,8,12,33.3,3600,8,17,52.9,3600
join-6-30-5-30-2,25,9,9,0.0,0,9,9,0.0,0,9,9,0.0,0,8,10,20.0,3600,8,17,52.9,3600,8,12,33.3,3601,8,14,42.9,3600,8,12,33.3,3600,8,10,20.0,3600
join-6-30-5-30-3,25,9,9,0.0,952,9,9,0.0,703,8,9,11.1,3600,8,10,20.0,3600,9,9,0.0,903,8,9,11.1,3600,8,12,33.3,3600,8,10,20.0,3600,8,12,33.3,3600
join-7-15-5-15-2,31,10,10,0.0,3599,9,10,10.0,3599,9,10,10.0,3601,9,13,30.8,3602,9,11,18.2,3600,9,11,18.2,3600,9,11,18.2,3600,9,11,18.2,3600,9,14,35.7,3600
join-7-15-5-15-3,31,10,10,0.0,3599,10,10,0.0,2077,9,10,10.0,3600,9,10,10.0,3601,10,11,9.1,3600,9,14,35.7,3600,9,12,25.0,3600,9,11,18.2,3600,9,11,18.2,3600
join-7-30-5-30-1,31,9,10,10.0,3600,9,10,10.0,3599,9,10,10.0,3602,9,13,30.8,3601,9,14,35.7,3600,9,14,35.7,3600,9,16,43.8,3600,9,14,35.7,3600,9,11,18.2,3600
join-7-30-5-30-2,31,9,11,18.2,3600,9,11,18.2,3599,9,11,18.2,3601,9,13,30.8,3601,9,14,35.7,3600,9,14,35.7,3601,9,17,47.1,3600,9,14,35.7,3600,9,20,55.0,3600
join-7-30-5-30-3,31,9,11,18.2,3599,9,11,18.2,3599,9,11,18.2,3602,9,32,71.9,2511,9,14,35.7,3600,9,14,35.7,3601,9,25,64.0,3600,9,20,55.0,3600,9,14,35.7,3600
join-7-15-5-15-1,31,9,10,10.0,3600,9,10,10.0,3599,9,10,10.0,3600,9,12,25.0,3601,9,14,35.7,3600,9,11,18.2,3601,9,13,30.8,3600,9,14,35.7,3600,9,11,18.2,3600
join-8-30-5-30-3,38,10,11,9.1,3600,10,11,9.1,3599,10,11,9.1,3600,10,18,44.4,3603,10,16,37.5,3600,10,16,37.5,3600,10,22,54.5,3600,10,17,41.2,3600,10,17,41.2,3600
join-8-15-5-15-1,38,10,11,9.1,3599,10,11,9.1,3599,10,11,9.1,3600,10,39,74.4,2384,10,12,16.7,3600,10,12,16.7,3601,10,15,33.3,3600,10,13,23.1,3600,10,13,23.1,3600
join-8-15-5-15-2,38,10,12,16.7,3625,10,12,16.7,3599,10,12,16.7,3600,10,13,23.1,3603,10,16,37.5,3600,10,16,37.5,3601,10,18,44.4,3600,10,24,58.3,3600,10,17,41.2,3600
join-8-15-5-15-3,38,10,11,9.1,3601,10,11,9.1,3599,10,11,9.1,3601,10,14,28.6,3602,10,16,37.5,3600,10,12,16.7,3600,10,14,28.6,3600,10,13,23.1,3600,10,13,23.1,3600
join-8-30-5-30-1,38,10,11,9.1,3600,10,11,9.1,3600,10,11,9.1,3600,10,39,74.4,1558,10,24,58.3,3600,10,16,37.5,3606,10,32,68.8,3600,10,17,41.2,3600,10,17,41.2,3600
join-8-30-5-30-2,38,10,11,9.1,3600,10,11,9.1,3600,10,11,9.1,3603,10,22,54.5,3604,10,24,58.3,3600,10,24,58.3,3600,10,23,56.5,3600,10,39,74.4,3600,10,39,74.4,3600
join-9-15-5-15-1,46,11,12,8.3,3621,11,12,8.3,3599,11,12,8.3,3600,11,15,26.7,3607,11,14,21.4,3600,11,14,21.4,3600,11,26,57.7,3600,11,15,26.7,3600,11,20,45.0,3600
join-9-15-5-15-2,46,11,12,8.3,3600,11,12,8.3,3600,11,12,8.3,3660,11,19,42.1,3607,11,29,62.1,3600,11,14,21.4,3600,11,27,59.3,3600,11,20,45.0,3600,11,20,45.0,3600
join-9-15-5-15-3,46,11,12,8.3,3600,11,12,8.3,3599,11,12,8.3,3615,11,17,35.3,3610,11,14,21.4,3600,11,19,42.1,3600,11,24,54.2,3600,11,15,26.7,3600,11,15,26.7,3600
join-9-30-5-30-1,46,11,12,8.3,3600,11,12,8.3,3600,11,12,8.3,3602,11,47,76.6,0,11,19,42.1,3600,11,19,42.1,3600,11,47,76.6,3600,11,20,45.0,3600,11,20,45.0,3600
join-9-30-5-30-2,46,11,13,15.4,3600,11,13,15.4,3601,11,13,15.4,3601,11,47,76.6,3259,11,19,42.1,3600,11,29,62.1,3600,11,46,76.1,3600,11,20,45.0,3600,11,20,45.0,3600
join-9-30-5-30-3,46,11,12,8.3,3600,11,12,8.3,3599,11,12,8.3,3609,11,17,35.3,3607,11,14,21.4,3600,11,19,42.1,3602,11,41,73.2,3600,11,15,26.7,3600,11,20,45.0,3600
join-10-30-5-30-3,55,12,13,7.7,3615,12,13,7.7,3602,12,13,7.7,3602,11,56,80.4,0,11,33,66.7,3600,11,21,47.6,3600,11,56,80.4,3600,11,33,66.7,3600,11,33,66.7,3600
join-10-15-5-15-1,55,12,12,0.0,0,12,12,0.0,0,12,12,0.0,0,11,17,35.3,3616,11,21,47.6,3600,11,21,47.6,3600,11,44,75.0,3600,11,22,50.0,3600,11,33,66.7,3600
join-10-15-5-15-2,55,12,13,7.7,3616,12,13,7.7,3601,12,13,7.7,3640,11,56,80.4,2919,11,21,47.6,3600,11,21,47.6,3602,11,36,69.4,3600,11,22,50.0,3600,11,22,50.0,3600
join-10-15-5-15-3,55,12,13,7.7,3602,12,13,7.7,3599,12,13,7.7,3643,11,19,42.1,3616,11,21,47.6,3600,11,15,26.7,3602,11,21,47.6,3600,11,16,31.3,3600,11,22,50.0,3600
join-10-30-5-30-1,55,12,13,7.7,3603,12,13,7.7,3602,12,13,7.7,3602,11,21,47.6,3621,11,33,66.7,3600,11,21,47.6,3600,11,56,80.4,3600,11,22,50.0,3600,11,33,66.7,3600
join-10-30-5-30-2,55,12,13,7.7,3612,12,13,7.7,3599,12,13,7.7,3603,11,37,70.3,3622,11,33,66.7,3600,11,21,47.6,3600,11,56,80.4,3600,11,33,66.7,3600,11,33,66.7,3600
join-11-15-5-15-1,65,13,14,7.1,3600,13,14,7.1,3600,13,14,7.1,3602,12,66,81.8,21,12,25,52.0,3600,12,18,33.3,3593,,,,,,,,,,,,
join-11-15-5-15-2,65,12,14,14.3,3600,12,14,14.3,3601,12,14,14.3,3600,12,66,81.8,0,12,25,52.0,3600,12,25,52.0,3600,,,,,,,,,,,,
join-11-15-5-15-3,65,12,14,14.3,3600,12,14,14.3,3600,12,14,14.3,3601,12,26,53.8,3649,12,25,52.0,3600,12,18,33.3,3600,,,,,,,,,,,,
join-11-30-5-30-1,65,12,14,14.3,3600,12,14,14.3,3600,12,14,14.3,3603,12,66,81.8,38,12,25,52.0,3600,12,25,52.0,3601,,,,,,,,,,,,
join-11-30-5-30-2,65,13,15,13.3,3600,13,15,13.3,3599,13,15,13.3,3601,12,25,52.0,3647,12,39,69.2,3600,12,18,33.3,3600,,,,,,,,,,,,
join-11-30-5-30-3,65,12,14,14.3,3600,12,14,14.3,3600,12,14,14.3,3603,12,66,81.8,0,12,25,52.0,3600,12,25,52.0,3602,,,,,,,,,,,,
join-12-30-5-30-1,76,13,15,13.3,3600,13,15,13.3,3600,13,15,13.3,3601,13,59,78.0,3745,13,45,71.1,3601,13,77,83.1,3606,,,,,,,,,,,,
join-12-30-5-30-2,76,13,15,13.3,3600,13,15,13.3,3600,13,15,13.3,3603,13,77,83.1,12,13,28,53.6,3601,13,28,53.6,3600,,,,,,,,,,,,
join-12-30-5-30-3,76,13,15,13.3,3602,13,15,13.3,3599,13,15,13.3,3605,13,58,77.6,3737,13,45,71.1,3601,13,28,53.6,3600,,,,,,,,,,,,
join-12-15-5-15-1,76,13,15,13.3,3600,13,15,13.3,3600,13,15,13.3,3609,13,77,83.1,39,13,28,53.6,3600,13,20,35.0,3601,,,,,,,,,,,,
join-12-15-5-15-2,76,13,15,13.3,3601,13,15,13.3,3600,13,15,13.3,3600,13,77,83.1,52,13,28,53.6,3600,13,20,35.0,3600,,,,,,,,,,,,
join-12-15-5-15-3,76,13,15,13.3,3600,13,15,13.3,3600,13,15,13.3,3618,13,77,83.1,56,13,28,53.6,3600,13,20,35.0,3303,,,,,,,,,,,,
join-13-15-5-15-1,88,14,16,12.5,3609,14,16,12.5,3600,14,16,12.5,3601,14,89,84.3,168,14,22,36.4,3600,14,22,36.4,3600,,,,,,,,,,,,
join-13-15-5-15-2,88,14,16,12.5,3602,14,16,12.5,3600,14,16,12.5,3605,14,89,84.3,20,14,22,36.4,3600,14,22,36.4,3601,,,,,,,,,,,,
join-13-15-5-15-3,88,14,16,12.5,3600,14,16,12.5,3600,14,16,12.5,3601,14,89,84.3,60,14,32,56.2,3600,14,32,56.2,3600,,,,,,,,,,,,
join-13-30-5-30-1,88,14,17,17.6,3602,14,17,17.6,3599,14,16,12.5,3606,14,89,84.3,261,14,51,72.5,3602,14,32,56.2,3601,,,,,,,,,,,,
join-13-30-5-30-2,88,15,16,6.2,3600,15,16,6.2,3600,15,16,6.2,3602,14,89,84.3,31,14,51,72.5,3601,14,51,72.5,3602,,,,,,,,,,,,
join-13-30-5-30-3,88,15,16,6.2,3600,15,16,6.2,3600,15,16,6.2,3607,14,89,84.3,45,14,51,72.5,3602,14,32,56.2,3600,,,,,,,,,,,,
join-14-15-5-15-2,101,15,18,16.7,3601,15,18,16.7,3600,15,18,16.7,3600,15,102,85.3,90,15,25,40.0,3600,15,25,40.0,3601,,,,,,,,,,,,
join-14-15-5-15-3,101,15,18,16.7,3600,15,18,16.7,3600,15,18,16.7,3600,15,102,85.3,9,15,36,58.3,3600,15,25,40.0,3600,,,,,,,,,,,,
join-14-30-5-30-1,101,15,17,11.8,3600,15,17,11.8,3600,15,17,11.8,3600,15,102,85.3,184,15,102,85.3,3625,15,58,74.1,3606,,,,,,,,,,,,
join-14-30-5-30-2,101,15,18,16.7,3601,15,17,11.8,3600,15,17,11.8,3603,15,102,85.3,131,15,58,74.1,3605,15,36,58.3,3601,,,,,,,,,,,,
join-14-30-5-30-3,101,15,17,11.8,3600,15,17,11.8,3600,15,17,11.8,3600,15,102,85.3,14,15,58,74.1,3604,15,58,74.1,3608,,,,,,,,,,,,
join-14-15-5-15-1,101,15,17,11.8,3600,15,17,11.8,3600,15,17,11.8,3603,15,102,85.3,49,15,36,58.3,3601,15,25,40.0,3600,,,,,,,,,,,,
join-15-30-5-30-3,115,16,18,11.1,3600,16,18,11.1,3600,16,18,11.1,3602,16,116,86.2,67,16,66,75.8,3606,16,40,60.0,3601,,,,,,,,,,,,
join-15-15-5-15-1,115,16,20,20.0,3601,16,18,11.1,3601,16,19,15.8,3601,16,116,86.2,44,16,40,60.0,3601,16,27,40.7,3600,,,,,,,,,,,,
join-15-15-5-15-2,115,16,19,15.8,3602,16,19,15.8,3600,16,18,11.1,3601,16,116,86.2,130,16,27,40.7,3600,16,27,40.7,3601,,,,,,,,,,,,
join-15-15-5-15-3,115,16,18,11.1,3601,16,18,11.1,3600,16,18,11.1,3603,16,116,86.2,16,16,66,75.8,3604,16,40,60.0,3602,,,,,,,,,,,,
join-15-30-5-30-1,115,16,18,11.1,3600,16,18,11.1,3601,16,18,11.1,3604,16,116,86.2,24,16,40,60.0,3601,16,40,60.0,3601,,,,,,,,,,,,
join-15-30-5-30-2,115,16,19,15.8,3600,16,19,15.8,3600,16,19,15.8,3601,16,116,86.2,21,16,40,60.0,3601,16,40,60.0,3603,,,,,,,,,,,,
join-16-15-5-15-1,130,17,19,10.5,3601,17,19,10.5,3600,17,19,10.5,3600,17,131,87.0,3,17,74,77.0,3608,17,45,62.2,3602,,,,,,,,,,,,
join-16-15-5-15-2,130,17,20,15.0,3601,17,19,10.5,3601,17,19,10.5,3601,17,131,87.0,121,17,45,62.2,3601,17,45,62.2,3603,,,,,,,,,,,,
join-16-15-5-15-3,130,17,19,10.5,3601,17,21,19.0,3601,17,19,10.5,3601,17,131,87.0,98,17,45,62.2,3603,17,45,62.2,3603,,,,,,,,,,,,
join-16-30-5-30-1,130,17,20,15.0,3602,17,21,19.0,3601,17,20,15.0,3601,17,131,87.0,4,17,74,77.0,3613,17,30,43.3,3601,,,,,,,,,,,,
join-16-30-5-30-2,130,17,20,15.0,3601,17,19,10.5,3601,17,19,10.5,3601,17,131,87.0,26,17,74,77.0,3611,17,45,62.2,3604,,,,,,,,,,,,
join-16-30-5-30-3,130,17,19,10.5,3602,17,20,15.0,3600,17,19,10.5,3601,17,131,87.0,65,17,74,77.0,3611,17,74,77.0,3612,,,,,,,,,,,,
drand-5-110-2,5,6,6,0.0,0,6,6,0.0,0,6,6,0.0,0,6,6,0.0,0,6,6,0.0,0,6,6,0.0,0,6,6,0.0,0,6,6,0.0,0,6,6,0.0,0
drand-5-110-3,5,6,6,0.0,0,6,6,0.0,0,6,6,0.0,0,6,6,0.0,0,6,6,0.0,0,6,6,0.0,0,6,6,0.0,0,6,6,0.0,0,6,6,0.0,0
drand-5-200-1,5,6,6,0.0,0,6,6,0.0,0,6,6,0.0,0,6,6,0.0,0,6,6,0.0,0,6,6,0.0,0,6,6,0.0,0,6,6,0.0,0,6,6,0.0,0
drand-5-200-2,5,6,6,0.0,0,6,6,0.0,0,6,6,0.0,0,6,6,0.0,0,6,6,0.0,0,6,6,0.0,0,6,6,0.0,0,6,6,0.0,0,6,6,0.0,0
drand-5-200-3,5,5,5,0.0,0,5,5,0.0,0,5,5,0.0,0,5,5,0.0,0,5,5,0.0,0,5,5,0.0,0,5,5,0.0,0,5,5,0.0,0,5,5,0.0,0
drand-5-75-1,5,6,6,0.0,0,6,6,0.0,0,6,6,0.0,0,6,6,0.0,0,6,6,0.0,0,6,6,0.0,0,6,6,0.0,0,6,6,0.0,0,6,6,0.0,0
drand-5-75-2,5,5,5,0.0,0,5,5,0.0,0,5,5,0.0,0,5,5,0.0,0,5,5,0.0,0,5,5,0.0,0,5,5,0.0,0,5,5,0.0,0,5,5,0.0,0
drand-5-75-3,5,6,6,0.0,0,6,6,0.0,0,6,6,0.0,0,6,6,0.0,0,6,6,0.0,0,6,6,0.0,0,6,6,0.0,0,6,6,0.0,0,6,6,0.0,0
drand-5-110-1,5,5,5,0.0,0,5,5,0.0,0,5,5,0.0,0,5,5,0.0,0,5,5,0.0,0,5,5,0.0,0,5,5,0.0,0,5,5,0.0,0,5,5,0.0,0
drand-7-200-1,7,8,8,0.0,0,8,8,0.0,0,8,8,0.0,0,8,8,0.0,94,8,8,0.0,76,8,8,0.0,250,8,8,0.0,136,8,8,0.0,154,8,8,0.0,382
drand-7-200-2,7,8,8,0.0,0,8,8,0.0,0,8,8,0.0,0,8,8,0.0,54,8,8,0.0,50,8,8,0.0,120,8,8,0.0,135,8,8,0.0,112,8,8,0.0,298
drand-7-200-3,7,7,7,0.0,0,7,7,0.0,0,7,7,0.0,0,7,7,0.0,3,7,7,0.0,3,7,7,0.0,4,7,7,0.0,8,7,7,0.0,4,7,7,0.0,10
drand-7-75-1,7,7,7,0.0,0,7,7,0.0,0,7,7,0.0,0,7,7,0.0,3,7,7,0.0,3,7,7,0.0,5,7,7,0.0,6,7,7,0.0,5,7,7,0.0,7
drand-7-75-2,7,6,6,0.0,0,6,6,0.0,0,6,6,0.0,0,6,6,0.0,0,6,6,0.0,0,6,6,0.0,1,6,6,0.0,1,6,6,0.0,0,6,6,0.0,2
drand-7-75-3,7,6,6,0.0,1,6,6,0.0,0,6,6,0.0,1,6,6,0.0,1,6,6,0.0,0,6,6,0.0,2,6,6,0.0,2,6,6,0.0,1,6,6,0.0,3
drand-7-110-1,7,7,7,0.0,0,7,7,0.0,0,7,7,0.0,0,7,7,0.0,3,7,7,0.0,2,7,7,0.0,6,7,7,0.0,7,7,7,0.0,5,7,7,0.0,12
drand-7-110-2,7,7,7,0.0,0,7,7,0.0,0,7,7,0.0,0,7,7,0.0,3,7,7,0.0,3,7,7,0.0,5,7,7,0.0,6,7,7,0.0,5,7,7,0.0,10
drand-7-110-3,7,7,7,0.0,0,7,7,0.0,0,7,7,0.0,0,7,7,0.0,3,7,7,0.0,3,7,7,0.0,8,7,7,0.0,6,7,7,0.0,6,7,7,0.0,12
drand-10-110-1,10,8,8,0.0,138,8,8,0.0,97,8,8,0.0,113,8,8,0.0,426,8,8,0.0,165,8,8,0.0,507,8,8,0.0,567,8,8,0.0,369,8,8,0.0,1076
drand-10-110-2,10,8,8,0.0,242,8,8,0.0,135,8,8,0.0,322,8,8,0.0,485,8,8,0.0,240,8,8,0.0,831,8,8,0.0,1216,8,8,0.0,423,8,8,0.0,893
drand-10-110-3,10,8,8,0.0,134,8,8,0.0,107,8,8,0.0,220,8,8,0.0,270,8,8,0.0,184,8,8,0.0,780,8,8,0.0,677,8,8,0.0,342,8,8,0.0,778
drand-10-200-1,10,8,8,0.0,233,8,8,0.0,124,8,8,0.0,193,8,8,0.0,584,8,8,0.0,254,8,8,0.0,780,8,8,0.0,1920,8,8,0.0,457,8,8,0.0,1420
drand-10-200-2,10,9,9,0.0,3175,9,9,0.0,1611,8,9,11.1,3599,8,9,11.1,3600,5,11,54.5,3600,5,11,54.5,3600,7,9,22.2,3600,5,11,54.5,3600,5,11,54.5,3600
drand-10-200-3,10,8,8,0.0,79,8,8,0.0,41,8,8,0.0,1231,8,8,0.0,326,8,8,0.0,60,8,8,0.0,1122,8,8,0.0,302,8,8,0.0,113,8,8,0.0,2494
drand-10-75-1,10,7,7,0.0,4,7,7,0.0,2,7,7,0.0,10,7,7,0.0,7,7,7,0.0,6,7,7,0.0,10,7,7,0.0,9,7,7,0.0,12,7,7,0.0,11
drand-10-75-2,10,8,8,0.0,77,8,8,0.0,45,8,8,0.0,350,8,8,0.0,165,8,8,0.0,84,8,8,0.0,488,8,8,0.0,536,8,8,0.0,175,8,8,0.0,293
drand-10-75-3,10,7,7,0.0,10,7,7,0.0,5,7,7,0.0,27,7,7,0.0,13,7,7,0.0,20,7,7,0.0,73,7,7,0.0,41,7,7,0.0,16,7,7,0.0,78
drand-12-200-1,12,9,9,0.0,2400,9,9,0.0,1078,8,9,11.1,3599,8,9,11.1,3600,9,9,0.0,3023,8,9,11.1,3600,,,,,,,,,,,,
drand-12-200-2,12,9,9,0.0,3600,8,9,11.1,3599,8,9,11.1,3599,7,9,22.2,3601,8,9,11.1,3600,6,9,33.3,3601,,,,,,,,,,,,
drand-12-200-3,12,8,8,0.0,620,8,8,0.0,1264,8,8,0.0,2494,8,8,0.0,1939,8,8,0.0,2125,6,9,33.3,3601,,,,,,,,,,,,
drand-12-75-1,12,7,7,0.0,116,7,7,0.0,8,7,7,0.0,39,7,7,0.0,332,7,7,0.0,189,7,7,0.0,106,,,,,,,,,,,,
drand-12-75-2,12,8,8,0.0,437,8,8,0.0,240,8,8,0.0,485,8,8,0.0,789,8,8,0.0,364,8,8,0.0,922,,,,,,,,,,,,
drand-12-75-3,12,8,8,0.0,408,8,8,0.0,316,8,8,0.0,822,8,8,0.0,329,8,8,0.0,434,8,8,0.0,2808,,,,,,,,,,,,
drand-12-110-1,12,8,8,0.0,1480,8,8,0.0,1082,8,8,0.0,1697,7,8,12.5,3600,8,8,0.0,534,8,8,0.0,3189,,,,,,,,,,,,
drand-12-110-2,12,8,8,0.0,792,8,8,0.0,1161,8,8,0.0,2642,7,8,12.5,3600,8,8,0.0,1184,8,8,0.0,2952,,,,,,,,,,,,
drand-12-110-3,12,9,9,0.0,3599,9,9,0.0,3110,8,9,11.1,3599,7,9,22.2,3600,8,9,11.1,3600,8,9,11.1,3600,,,,,,,,,,,,
drand-15-200-2,15,7,10,30.0,3600,7,10,30.0,3599,7,10,30.0,3602,6,12,46.8,3600,6,11,45.5,3600,6,11,45.5,3601,6,14,57.1,3600,6,11,45.5,3600,6,11,45.5,3600
drand-15-200-3,15,10,10,0.0,3599,7,10,30.0,3599,7,10,30.0,3601,7,11,36.4,3600,6,11,45.5,3600,6,11,45.5,3602,6,11,45.5,3600,6,11,45.5,3600,6,11,45.5,3600
drand-15-75-1,15,9,9,0.0,3507,9,9,0.0,1368,8,9,11.1,3599,7,9,22.2,3600,9,9,0.0,2306,6,11,45.5,3601,7,10,30.0,3600,9,10,10.0,3600,6,11,45.5,3600
drand-15-75-2,15,9,9,0.0,1293,9,9,0.0,159,9,9,0.0,2355,9,9,0.0,1272,9,9,0.0,267,9,9,0.0,2492,8,10,20.0,3600,9,9,0.0,1470,9,9,0.0,3295
drand-15-75-3,15,8,8,0.0,353,8,8,0.0,739,8,8,0.0,656,8,8,0.0,1714,8,8,0.0,661,7,8,12.5,3600,7,9,22.2,3600,8,8,0.0,1577,8,8,0.0,2153
drand-15-110-1,15,10,10,0.0,3600,9,10,10.0,3599,7,10,30.0,3602,7,10,30.0,3600,9,11,18.2,3600,6,11,45.5,3600,7,11,36.4,3600,6,11,45.5,3600,6,11,45.5,3600
drand-15-110-2,15,6,10,40.0,3600,9,10,10.0,3599,6,10,40.0,3600,7,11,36.4,3600,6,11,45.5,3600,6,11,45.5,3602,7,11,36.4,3600,6,11,45.5,3600,6,11,45.5,3600
drand-15-110-3,15,6,9,33.3,3600,8,9,11.1,3599,8,9,11.1,3599,7,11,36.4,3604,6,11,45.5,3600,6,11,45.5,3601,7,9,22.2,3600,6,11,45.5,3600,6,11,45.5,3600
drand-15-200-1,15,6,11,45.5,3600,6,11,45.5,3599,6,11,45.5,3602,7,12,41.7,3600,6,11,45.5,3600,6,11,45.5,3601,6,13,53.8,3600,6,11,45.5,3600,6,16,62.5,3600
drand-20-200-3,20,7,11,36.4,3600,7,11,36.4,3599,7,11,36.4,3601,7,14,50.0,3600,7,14,50.0,3600,7,14,50.0,3601,7,17,58.8,3600,7,14,50.0,3600,7,14,50.0,3600
drand-20-75-1,20,7,11,36.4,3599,10,11,9.1,3599,7,11,36.4,3599,8,12,33.3,3633,7,14,50.0,3600,7,14,50.0,3601,7,16,56.3,3600,7,14,50.0,3600,7,14,50.0,3600
drand-20-75-2,20,7,10,30.0,3599,9,10,10.0,3599,7,10,30.0,3601,7,14,50.0,3600,7,14,50.0,3600,7,14,50.0,3600,7,17,58.8,3600,7,14,50.0,3600,7,10,30.0,3600
drand-20-75-3,20,7,10,30.0,3599,9,10,10.0,3599,7,10,30.0,3601,7,12,41.7,3600,7,14,50.0,3600,7,14,50.0,3600,7,14,50.0,3600,7,14,50.0,3600,7,10,30.0,3600
drand-20-110-1,20,8,11,27.3,3600,8,11,27.3,3599,8,11,27.3,3600,7,13,46.2,3600,7,14,50.0,3600,7,14,50.0,3601,7,15,53.3,3600,7,14,50.0,3600,7,14,50.0,3600
drand-20-110-2,20,7,11,36.4,3599,7,11,36.4,3599,7,11,36.4,3601,7,13,46.2,3600,7,14,50.0,3600,7,14,50.0,3602,7,13,46.2,3600,7,14,50.0,3600,7,14,50.0,3600
drand-20-110-3,20,7,10,30.0,3599,7,11,36.4,3599,7,10,30.0,3601,7,11,36.4,3600,7,14,50.0,3600,7,14,50.0,3600,7,14,50.0,3600,7,14,50.0,3600,7,14,50.0,3600
drand-20-200-1,20,8,12,33.3,3600,8,12,33.3,3600,8,12,33.3,3602,7,15,53.3,3601,7,14,50.0,3600,7,14,50.0,3602,7,18,61.1,3600,7,14,50.0,3600,7,14,50.0,3600
drand-20-200-2,20,7,11,36.4,3600,7,11,36.4,3599,7,11,36.4,3601,7,15,53.3,3600,7,14,50.0,3600,7,14,50.0,3601,7,18,61.1,3600,7,14,50.0,3600,7,14,50.0,3600
drand-25-75-1,25,8,11,27.3,3599,8,11,27.3,3599,8,11,27.3,3601,8,12,33.3,3601,8,12,33.3,3600,8,12,33.3,3601,8,16,50.0,3600,8,17,52.9,3600,8,17,52.9,3600
drand-25-75-2,25,8,11,27.3,3599,8,11,27.3,3599,8,11,27.3,3600,8,13,38.5,3601,8,12,33.3,3600,8,17,52.9,3600,8,15,46.7,3600,8,17,52.9,3600,8,12,33.3,3600
drand-25-75-3,25,9,12,25.0,3599,9,12,25.0,3599,9,12,25.0,3601,8,15,46.7,3600,8,17,52.9,3600,8,17,52.9,3601,8,16,50.0,3600,8,17,52.9,3600,8,17,52.9,3600
drand-25-110-1,25,8,12,33.3,3600,8,12,33.3,3599,8,12,33.3,3602,8,14,42.9,3601,8,17,52.9,3600,8,17,52.9,3601,8,20,60.0,3600,8,17,52.9,3600,8,17,52.9,3600
drand-25-110-2,25,8,12,33.3,3599,8,12,33.3,3599,8,12,33.3,3601,8,14,42.9,3601,8,17,52.9,3600,8,17,52.9,3601,8,20,60.0,3600,8,17,52.9,3600,8,17,52.9,3600
drand-25-110-3,25,8,12,33.3,3599,8,12,33.3,3599,8,12,33.3,3601,8,16,50.0,3601,8,17,52.9,3600,8,12,33.3,3600,8,17,52.9,3600,8,17,52.9,3600,8,17,52.9,3600
drand-25-200-1,25,8,12,33.3,3600,8,12,33.3,3599,8,12,33.3,3601,8,18,55.6,3600,8,17,52.9,3600,8,17,52.9,3601,8,21,61.9,3600,8,17,52.9,3600,8,17,52.9,3600
drand-25-200-2,25,8,14,42.9,3600,8,14,42.9,3600,8,14,42.9,3602,8,19,57.9,3600,8,26,69.2,3600,8,17,52.9,3602,8,24,66.7,3600,8,17,52.9,3600,8,17,52.9,3600
drand-25-200-3,25,8,13,38.5,3600,8,13,38.5,3600,8,13,38.5,3602,8,16,50.0,3601,8,17,52.9,3600,8,17,52.9,3600,8,21,61.9,3600,8,17,52.9,3600,8,17,52.9,3600
drand-30-75-2,30,9,12,25.0,3599,9,12,25.0,3599,9,12,25.0,3601,9,15,40.0,3601,9,14,35.7,3600,9,14,35.7,3600,,,,,,,,,,,,
drand-30-75-3,30,9,12,25.0,3599,9,12,25.0,3599,9,12,25.0,3601,9,16,43.7,3602,9,20,55.0,3600,9,14,35.7,3601,,,,,,,,,,,,
drand-30-110-1,30,9,12,25.0,3599,9,12,25.0,3599,9,12,25.0,3601,9,13,30.8,3601,9,20,55.0,3600,9,20,55.0,3601,,,,,,,,,,,,
drand-30-110-2,30,9,13,30.8,3633,9,13,30.8,3599,9,13,30.8,3601,9,17,47.1,3601,9,20,55.0,3600,9,20,55.0,3601,,,,,,,,,,,,
drand-30-110-3,30,9,11,18.2,3599,9,11,18.2,3599,9,11,18.2,3601,9,31,71.0,1146,9,20,55.0,3600,9,14,35.7,3619,,,,,,,,,,,,
drand-30-200-1,30,9,14,35.7,3600,9,14,35.7,3600,9,14,35.7,3601,9,19,52.6,3606,9,20,55.0,3600,9,20,55.0,3602,,,,,,,,,,,,
drand-30-200-2,30,9,14,35.7,3619,9,14,35.7,3600,9,14,35.7,3601,9,21,57.1,3601,9,20,55.0,3600,9,20,55.0,3601,,,,,,,,,,,,
drand-30-200-3,30,9,14,35.7,3601,9,14,35.7,3600,9,14,35.7,3601,9,21,57.1,3601,9,31,71.0,3600,9,20,55.0,3602,,,,,,,,,,,,
drand-30-75-1,30,9,12,25.0,3600,9,11,18.2,3599,9,11,18.2,3601,9,15,40.0,3601,9,14,35.7,3600,9,14,35.7,3600,,,,,,,,,,,,
drand-35-75-3,35,10,13,23.1,3599,10,13,23.1,3599,10,13,23.1,3601,9,22,59.1,3602,9,22,59.1,3600,9,22,59.1,3601,,,,,,,,,,,,
drand-35-110-1,35,10,14,28.6,3600,10,14,28.6,3600,10,13,23.1,3601,9,19,52.6,3602,9,22,59.1,3600,9,22,59.1,3601,,,,,,,,,,,,
drand-35-110-2,35,10,15,33.3,3626,10,15,33.3,3600,10,15,33.3,3602,9,23,60.9,3602,9,36,75.0,3600,9,22,59.1,3602,,,,,,,,,,,,
drand-35-110-3,35,10,14,28.6,3618,10,14,28.6,3600,10,14,28.6,3601,9,24,62.5,3602,9,36,75.0,3600,9,22,59.1,3602,,,,,,,,,,,,
drand-35-200-1,35,9,15,40.0,3613,9,15,40.0,3599,9,15,40.0,3603,9,36,75.0,3,9,36,75.0,3600,9,22,59.1,3600,,,,,,,,,,,,
drand-35-200-2,35,9,14,35.7,3607,9,14,35.7,3600,9,13,30.8,3602,9,25,64.0,3602,9,36,75.0,3601,9,22,59.1,3601,,,,,,,,,,,,
drand-35-200-3,35,9,14,35.7,3600,9,15,40.0,3600,9,15,40.0,3602,9,28,67.9,3602,9,36,75.0,3600,9,22,59.1,3600,,,,,,,,,,,,
drand-35-75-1,35,9,13,30.8,3646,9,13,30.8,3600,9,13,30.8,3601,9,18,50.0,3603,9,22,59.1,3600,9,15,40.0,3600,,,,,,,,,,,,
drand-35-75-2,35,9,13,30.8,3634,9,13,30.8,3599,9,13,30.8,3603,9,36,75.0,1364,9,22,59.1,3600,9,15,40.0,3601,,,,,,,,,,,,
drand-40-110-1,40,10,14,28.6,3600,10,14,28.6,3600,10,14,28.6,3600,10,20,50.0,3604,10,17,41.2,3600,10,25,60.0,3600,,,,,,,,,,,,
drand-40-110-2,40,10,15,33.3,3600,10,14,28.6,3600,10,15,33.3,3601,10,22,54.5,3603,10,25,60.0,3600,10,17,41.2,3608,,,,,,,,,,,,
drand-40-110-3,40,10,14,28.6,3611,10,14,28.6,3600,10,13,23.1,3600,10,19,47.4,3605,10,25,60.0,3600,10,17,41.2,3600,,,,,,,,,,,,
drand-40-200-1,40,10,16,37.5,3608,10,16,37.5,3599,10,16,37.5,3601,10,29,65.5,3605,10,41,75.6,3600,10,25,60.0,3600,,,,,,,,,,,,
drand-40-200-2,40,10,16,37.5,3600,10,16,37.5,3600,10,16,37.5,3607,10,41,75.6,1,10,25,60.0,3600,10,25,60.0,3601,,,,,,,,,,,,
drand-40-200-3,40,10,16,37.5,3601,10,16,37.5,3599,10,16,37.5,3600,10,26,61.5,3604,10,25,60.0,3600,10,17,41.2,3600,,,,,,,,,,,,
drand-40-75-1,40,10,14,28.6,3622,10,14,28.6,3599,10,14,28.6,3601,10,19,47.4,3603,10,25,60.0,3600,10,17,41.2,3600,,,,,,,,,,,,
drand-40-75-2,40,10,14,28.6,3617,10,13,23.1,3599,10,14,28.6,3601,10,18,44.4,3603,10,25,60.0,3600,10,17,41.2,3602,,,,,,,,,,,,
drand-40-75-3,40,10,14,28.6,3600,10,14,28.6,3599,10,14,28.6,3601,10,41,75.6,2,10,17,41.2,3600,10,17,41.2,3601,,,,,,,,,,,,
drand-45-110-1,45,11,15,26.7,3625,11,15,26.7,3601,11,15,26.7,3615,10,24,58.3,3608,10,28,64.3,3600,10,28,64.3,3600,,,,,,,,,,,,
drand-45-110-2,45,10,15,33.3,3610,10,15,33.3,3600,10,15,33.3,3601,10,19,47.4,3608,10,18,44.4,3600,10,28,64.3,3601,,,,,,,,,,,,
drand-45-110-3,45,10,15,33.3,3623,10,15,33.3,3600,10,15,33.3,3646,10,24,58.3,3607,10,28,64.3,3600,10,28,64.3,3601,,,,,,,,,,,,
drand-45-200-1,45,11,17,35.3,3600,11,17,35.3,3600,11,17,35.3,3601,10,35,71.4,3610,10,46,78.3,3600,10,46,78.3,3601,,,,,,,,,,,,
drand-45-200-2,45,10,16,37.5,3600,10,16,37.5,3601,10,16,37.5,3604,10,37,73.0,3614,10,28,64.3,3600,10,28,64.3,3601,,,,,,,,,,,,
drand-45-200-3,45,11,17,35.3,3599,11,17,35.3,3599,11,17,35.3,3610,10,46,78.3,1,10,46,78.3,3600,10,28,64.3,3602,,,,,,,,,,,,
drand-45-75-1,45,11,14,21.4,3616,11,14,21.4,3600,11,14,21.4,3600,10,25,60.0,3607,10,18,44.4,3600,10,18,44.4,3603,,,,,,,,,,,,
drand-45-75-2,45,11,15,26.7,3600,11,14,21.4,3600,11,14,21.4,3652,10,17,41.2,3606,10,18,44.4,3600,10,18,44.4,3604,,,,,,,,,,,,
drand-45-75-3,45,11,14,21.4,3600,11,14,21.4,3600,11,14,21.4,3602,10,18,44.4,3607,10,18,44.4,3600,10,18,44.4,3602,,,,,,,,,,,,
drand-50-110-3,50,11,16,31.2,3600,11,16,31.2,3600,11,16,31.2,3602,11,25,56.0,3612,11,20,45.0,3600,11,20,45.0,3601,,,,,,,,,,,,
drand-50-200-1,50,11,18,38.9,3600,11,17,35.3,3599,11,18,38.9,3600,11,28,60.7,3615,11,31,64.5,3600,11,31,64.5,3601,,,,,,,,,,,,
drand-50-200-2,50,11,17,35.3,3600,11,17,35.3,3599,11,17,35.3,3601,11,32,65.6,3614,11,51,78.4,3601,11,31,64.5,3601,,,,,,,,,,,,
drand-50-200-3,50,11,18,38.9,3605,11,18,38.9,3600,11,18,38.9,3602,11,36,69.4,3618,11,31,64.5,3600,11,31,64.5,3600,,,,,,,,,,,,
drand-50-75-1,50,11,15,26.7,3600,11,15,26.7,3600,11,15,26.7,3612,11,27,59.3,3616,11,20,45.0,3600,11,20,45.0,3600,,,,,,,,,,,,
drand-50-75-2,50,11,16,31.2,3617,11,16,31.2,3600,11,15,26.7,3602,11,51,78.4,1,11,31,64.5,3600,11,20,45.0,3602,,,,,,,,,,,,
drand-50-75-3,50,11,15,26.7,3600,11,15,26.7,3600,11,16,31.2,3648,11,23,52.2,3610,11,31,64.5,3600,11,20,45.0,3605,,,,,,,,,,,,
drand-50-110-1,50,11,16,31.2,3599,11,16,31.2,3600,11,16,31.2,3613,11,51,78.4,3480,11,31,64.5,3600,11,20,45.0,3600,,,,,,,,,,,,
drand-50-110-2,50,11,16,31.2,3615,11,16,31.2,3600,11,16,31.2,3601,11,51,78.4,0,11,31,64.5,3600,11,20,45.0,3600,,,,,,,,,,,,
drand-75-200-2,75,13,21,38.1,3600,13,21,38.1,3600,13,21,38.1,3611,13,76,82.9,46,13,44,70.5,3601,13,28,53.6,3600,,,,,,,,,,,,
drand-75-200-3,75,13,21,38.1,3600,13,21,38.1,3600,13,21,38.1,3600,13,76,82.9,85,13,44,70.5,3601,13,28,53.6,3600,,,,,,,,,,,,
drand-75-75-1,75,13,17,23.5,3601,13,17,23.5,3600,13,17,23.5,3602,13,46,71.7,3685,13,28,53.6,3600,13,28,53.6,3601,,,,,,,,,,,,
drand-75-75-2,75,13,19,31.6,3601,13,19,31.6,3600,13,19,31.6,3602,13,74,82.4,3689,13,28,53.6,3600,13,28,53.6,3601,,,,,,,,,,,,
drand-75-75-3,75,13,18,27.8,3604,13,18,27.8,3600,13,18,27.8,3631,13,25,48.0,3718,13,28,53.6,3600,13,28,53.6,3601,,,,,,,,,,,,
drand-75-110-1,75,13,19,31.6,3600,13,19,31.6,3600,13,18,27.8,3603,13,47,72.3,3701,13,44,70.5,3601,13,28,53.6,3600,,,,,,,,,,,,
drand-75-110-2,75,14,18,22.2,3600,14,19,26.3,3600,14,19,26.3,3602,13,76,82.9,87,13,28,53.6,3600,13,28,53.6,3602,,,,,,,,,,,,
drand-75-110-3,75,13,19,31.6,3612,13,19,31.6,3600,13,19,31.6,3617,13,76,82.9,1,13,28,53.6,3600,13,28,53.6,3600,,,,,,,,,,,,
drand-75-200-1,75,13,20,35.0,3600,13,20,35.0,3600,13,20,35.0,3605,13,76,82.9,1,13,76,82.9,3608,13,28,53.6,3600,,,,,,,,,,,,
drand-100-110-2,100,15,22,31.8,3601,15,21,28.6,3600,15,21,28.6,3601,15,101,85.1,101,15,36,58.3,3600,15,36,58.3,3601,,,,,,,,,,,,
drand-100-110-3,100,15,21,28.6,3601,15,21,28.6,3601,15,21,28.6,1803,15,101,85.1,185,15,36,58.3,3601,15,36,58.3,3601,,,,,,,,,,,,
drand-100-200-1,100,15,23,34.8,3602,15,23,34.8,3601,15,23,34.8,3600,15,101,85.1,181,15,58,74.1,3603,15,58,74.1,3607,,,,,,,,,,,,
drand-100-200-2,100,15,25,40.0,3603,15,24,37.5,3601,15,24,37.5,3602,15,101,85.1,148,15,58,74.1,3605,15,58,74.1,3607,,,,,,,,,,,,
drand-100-200-3,100,15,24,37.5,3602,15,24,37.5,3601,15,24,37.5,3601,15,101,85.1,178,15,58,74.1,3605,15,58,74.1,3605,,,,,,,,,,,,
drand-100-75-1,100,15,20,25.0,3601,15,20,25.0,3600,15,20,25.0,3604,15,101,85.1,225,15,36,58.3,3601,15,25,40.0,3600,,,,,,,,,,,,
drand-100-75-2,100,15,20,25.0,3601,15,20,25.0,3600,15,19,21.1,3600,15,101,85.1,232,15,58,74.1,3602,15,36,58.3,3601,,,,,,,,,,,,
drand-100-75-3,100,16,21,23.8,3601,16,21,23.8,3600,16,21,23.8,3604,15,101,85.1,97,15,36,58.3,3601,15,36,58.3,3600,,,,,,,,,,,,
drand-100-110-1,100,15,21,28.6,3600,15,22,31.8,3601,15,22,31.8,3601,15,101,85.1,117,15,58,74.1,3604,15,36,58.3,3601,,,,,,,,,,,,
drand-112-110-3,112,16,22,27.3,3601,16,23,30.4,3601,16,23,30.4,3601,16,113,85.8,70,16,39,59.0,3601,16,64,75.0,3604,,,,,,,,,,,,
drand-112-200-1,112,16,24,33.3,3603,16,25,36.0,3601,16,25,36.0,3602,16,113,85.8,104,16,113,85.8,3657,16,39,59.0,3603,,,,,,,,,,,,
drand-112-200-2,112,16,24,33.3,3603,16,25,36.0,3602,16,24,33.3,3604,16,113,85.8,130,16,113,85.8,3657,16,39,59.0,3615,,,,,,,,,,,,
drand-112-200-3,112,16,25,36.0,3604,16,26,38.5,3602,16,25,36.0,3613,16,113,85.8,133,16,64,75.0,3606,16,64,75.0,3608,,,,,,,,,,,,
drand-112-75-1,112,16,21,23.8,3601,16,22,27.3,3600,16,22,27.3,3605,16,113,85.8,128,16,39,59.0,3601,16,27,40.7,3600,,,,,,,,,,,,
drand-112-75-2,112,16,22,27.3,3601,16,22,27.3,3600,16,22,27.3,3603,16,113,85.8,123,16,64,75.0,3603,16,39,59.0,3601,,,,,,,,,,,,
drand-112-75-3,112,16,21,23.8,3601,16,21,23.8,3600,16,21,23.8,3600,16,113,85.8,136,16,39,59.0,3601,16,39,59.0,3601,,,,,,,,,,,,
drand-112-110-1,112,16,22,27.3,3601,16,22,27.3,3600,16,22,27.3,3600,16,113,85.8,158,16,39,59.0,3601,16,27,40.7,3600,,,,,,,,,,,,
drand-112-110-2,112,16,23,30.4,3602,16,23,30.4,3600,16,23,30.4,3601,16,113,85.8,84,16,39,59.0,3601,16,39,59.0,3601,,,,,,,,,,,,
luci-15-1,13,7,7,0.0,18,7,7,0.0,127,7,7,0.0,125,7,7,0.0,594,7,7,0.0,29,7,7,0.0,159,,,,,,,,,,,,
luci-15-3,13,8,8,0.0,1187,8,8,0.0,578,8,8,0.0,3600,7,8,12.5,3600,8,8,0.0,2518,6,10,40.0,3601,,,,,,,,,,,,
luci-15-4,13,8,8,0.0,857,8,8,0.0,382,8,8,0.0,3600,7,8,12.5,3600,8,8,0.0,1391,6,10,40.0,3601,,,,,,,,,,,,
luci-14-0,14,7,7,0.0,7,7,7,0.0,33,7,7,0.0,71,7,7,0.0,698,7,7,0.0,162,7,7,0.0,218,,,,,,,,,,,,
luci-14-1,14,8,8,0.0,673,8,8,0.0,660,8,8,0.0,3522,7,8,12.5,3600,8,8,0.0,2287,6,10,40.0,3601,,,,,,,,,,,,
luci-14-2,14,6,8,25.0,3600,8,8,0.0,1174,6,8,25.0,3602,6,9,33.3,3601,6,15,60.0,3600,6,10,40.0,3601,,,,,,,,,,,,
luci-14-3,14,8,8,0.0,691,8,8,0.0,1016,8,8,0.0,1953,7,8,12.5,3601,8,8,0.0,896,8,8,0.0,2004,,,,,,,,,,,,
luci-14-4,14,8,8,0.0,990,8,8,0.0,1183,8,8,0.0,3600,7,9,22.2,3600,8,10,20.0,3600,6,10,40.0,3601,,,,,,,,,,,,
luci-13-3,15,8,8,0.0,512,8,8,0.0,3600,8,8,0.0,3600,7,10,30.0,3600,6,11,45.5,3600,6,8,25.0,3600,,,,,,,,,,,,
luci-13-0,15,8,8,0.0,1987,8,8,0.0,3599,8,8,0.0,1944,6,10,40.0,3613,8,8,0.0,2874,7,8,12.5,3601,,,,,,,,,,,,
luci-13-1,15,7,8,12.5,3600,8,8,0.0,644,7,8,12.5,3601,7,10,30.0,3600,6,11,45.5,3600,6,11,45.5,3601,,,,,,,,,,,,
luci-12-0,16,7,8,12.5,3599,8,8,0.0,354,7,8,12.5,3600,7,10,30.0,3600,8,8,0.0,2076,7,9,22.2,3601,,,,,,,,,,,,
luci-12-2,16,7,8,12.5,3600,8,8,0.0,3599,8,8,0.0,2651,7,10,30.0,3600,7,12,41.7,3600,7,9,22.2,3600,,,,,,,,,,,,
luci-12-3,16,8,8,0.0,1637,8,8,0.0,657,8,8,0.0,3600,7,9,22.2,3600,8,9,11.1,3600,7,9,22.2,3600,,,,,,,,,,,,
luci-12-4,16,7,8,12.5,3600,8,8,0.0,3599,8,8,0.0,3600,7,9,22.2,3607,8,8,0.0,1256,7,9,22.2,3600,,,,,,,,,,,,
luci-11-0,17,8,8,0.0,2226,8,8,0.0,3226,8,8,0.0,3600,7,10,30.0,3604,8,9,11.1,3600,7,9,22.2,3601,,,,,,,,,,,,
luci-11-1,17,7,8,12.5,3600,8,8,0.0,1900,7,8,12.5,3600,7,13,46.2,3615,7,12,41.7,3600,7,12,41.7,3600,,,,,,,,,,,,
luci-11-2,17,7,8,12.5,3600,8,8,0.0,3600,7,8,12.5,3601,7,11,36.4,3600,7,12,41.7,3600,7,12,41.7,3600,,,,,,,,,,,,
luci-11-3,17,8,8,0.0,785,8,8,0.0,3452,7,8,12.5,3601,7,9,22.2,3600,7,12,41.7,3600,7,9,22.2,3601,,,,,,,,,,,,
luci-10-2,18,8,8,0.0,3002,8,8,0.0,3599,7,8,12.5,3601,7,8,12.5,3600,7,13,46.2,3600,7,9,22.2,3601,,,,,,,,,,,,
luci-10-4,18,7,8,12.5,3600,8,8,0.0,1178,8,8,0.0,1557,7,9,22.2,3600,7,13,46.2,3600,7,9,22.2,3601,,,,,,,,,,,,
luci-10-0,18,7,8,12.5,3600,8,8,0.0,410,7,8,12.5,3600,7,12,41.7,3600,8,9,11.1,3600,7,9,22.2,3601,,,,,,,,,,,,
luci-9-1,19,7,8,12.5,3600,8,8,0.0,3600,7,8,12.5,3601,7,14,50.0,3622,7,13,46.2,3600,7,9,22.2,3600,,,,,,,,,,,,
luci-9-3,19,7,8,12.5,3600,8,8,0.0,3600,8,8,0.0,3436,7,8,12.5,3600,7,13,46.2,3600,7,13,46.2,3600,,,,,,,,,,,,
luci-9-4,19,7,8,12.5,3614,8,8,0.0,3600,7,8,12.5,3602,7,11,36.4,3600,7,13,46.2,3600,7,13,46.2,3601,,,,,,,,,,,,
luci-8-0,20,7,8,12.5,3626,8,8,0.0,585,8,8,0.0,3600,7,13,46.2,3600,7,21,66.7,3600,7,10,30.0,3600,,,,,,,,,,,,
luci-8-1,20,8,8,0.0,1,8,8,0.0,1,8,8,0.0,1,7,12,41.7,3605,7,10,30.0,3600,7,14,50.0,3601,,,,,,,,,,,,
luci-8-2,20,8,8,0.0,3600,8,8,0.0,3600,8,8,0.0,3601,7,14,50.0,3601,7,14,50.0,3600,7,10,30.0,3600,,,,,,,,,,,,
luci-8-3,20,7,8,12.5,3601,8,8,0.0,3599,7,8,12.5,3600,7,12,41.7,3600,7,14,50.0,3600,7,14,50.0,3601,,,,,,,,,,,,
luci-8-4,20,7,8,12.5,3601,8,8,0.0,3599,8,8,0.0,2269,7,13,46.2,3603,7,14,50.0,3600,7,8,12.5,3600,,,,,,,,,,,,
luci-7-3,21,8,8,0.0,2,8,8,0.0,2,8,8,0.0,2,7,13,46.2,3600,7,14,50.0,3600,7,10,30.0,3600,,,,,,,,,,,,
luci-7-0,21,7,8,12.5,3602,8,8,0.0,3600,7,8,12.5,3601,7,13,46.2,3600,7,14,50.0,3600,7,14,50.0,3601,,,,,,,,,,,,
luci-7-1,21,8,8,0.0,7,8,8,0.0,7,8,8,0.0,7,7,13,46.2,3620,7,14,50.0,3600,7,14,50.0,3600,,,,,,,,,,,,
luci-6-0,22,8,8,0.0,3,8,8,0.0,2,8,8,0.0,2,8,13,38.5,3601,8,11,27.3,3600,8,11,27.3,3600,,,,,,,,,,,,
luci-6-2,22,8,8,0.0,2,8,8,0.0,2,8,8,0.0,2,8,14,42.9,3600,8,15,46.7,3600,8,9,11.1,3600,,,,,,,,,,,,
luci-6-3,22,8,8,0.0,10,8,8,0.0,10,8,8,0.0,10,8,12,33.3,3600,8,15,46.7,3600,8,11,27.3,3600,,,,,,,,,,,,
luci-6-4,22,8,8,0.0,1,8,8,0.0,1,8,8,0.0,1,8,12,33.3,3600,8,11,27.3,3600,8,11,27.3,3600,,,,,,,,,,,,
luci-5-0,23,8,8,0.0,2,8,8,0.0,2,8,8,0.0,2,8,15,46.7,3609,8,24,66.7,3600,8,16,50.0,3601,,,,,,,,,,,,
luci-5-1,23,8,8,0.0,3,8,8,0.0,3,8,8,0.0,3,8,13,38.5,3601,8,16,50.0,3600,8,9,11.1,3600,,,,,,,,,,,,
luci-5-2,23,8,8,0.0,12,8,8,0.0,12,8,8,0.0,12,8,12,33.3,3600,8,11,27.3,3600,8,16,50.0,3601,,,,,,,,,,,,
luci-5-3,23,8,8,0.0,2,8,8,0.0,2,8,8,0.0,2,8,16,50.0,3606,8,16,50.0,3600,8,9,11.1,3600,,,,,,,,,,,,
luci-4-2,24,8,8,0.0,2,8,8,0.0,2,8,8,0.0,2,8,13,38.5,3601,8,16,50.0,3600,8,9,11.1,3600,,,,,,,,,,,,
luci-4-4,24,8,8,0.0,14,8,8,0.0,13,8,8,0.0,14,8,16,50.0,3600,8,16,50.0,3600,8,11,27.3,3600,,,,,,,,,,,,
luci-4-0,24,8,8,0.0,2,8,8,0.0,2,8,8,0.0,2,8,11,27.3,3600,8,16,50.0,3600,8,16,50.0,3601,,,,,,,,,,,,
luci-3-1,25,8,8,0.0,16,8,8,0.0,16,8,8,0.0,16,8,11,27.3,3600,8,26,69.2,3600,8,8,0.0,3586,,,,,,,,,,,,
luci-3-2,25,8,8,0.0,12,8,8,0.0,12,8,8,0.0,12,8,13,38.5,3601,8,17,52.9,3600,8,9,11.1,3600,,,,,,,,,,,,
luci-3-3,25,8,8,0.0,13,8,8,0.0,13,8,8,0.0,13,8,19,57.9,3601,8,12,33.3,3600,8,12,33.3,3600,,,,,,,,,,,,
luci-3-4,25,8,8,0.0,5,8,8,0.0,4,8,8,0.0,5,8,15,46.7,3601,8,26,69.2,3600,8,12,33.3,3600,,,,,,,,,,,,
luci-2-4,26,8,8,0.0,14,8,8,0.0,14,8,8,0.0,14,8,15,46.7,3611,8,17,52.9,3600,8,12,33.3,3601,,,,,,,,,,,,
luci-2-0,26,8,8,0.0,4,8,8,0.0,4,8,8,0.0,4,8,17,52.9,3608,8,17,52.9,3600,8,17,52.9,3601,,,,,,,,,,,,
luci-2-1,26,8,8,0.0,5,8,8,0.0,5,8,8,0.0,5,8,14,42.9,3602,8,27,70.4,3600,8,12,33.3,3600,,,,,,,,,,,,
luci-2-2,26,8,8,0.0,5,8,8,0.0,5,8,8,0.0,5,8,18,55.6,3601,8,17,52.9,3600,8,12,33.3,3600,,,,,,,,,,,,
luci-1-1,27,8,8,0.0,14,8,8,0.0,14,8,8,0.0,14,8,15,46.7,3601,8,18,55.6,3600,8,12,33.3,3600,,,,,,,,,,,,
luci-1-2,27,8,8,0.0,4,8,8,0.0,4,8,8,0.0,4,8,18,55.6,3601,8,12,33.3,3600,8,12,33.3,3600,,,,,,,,,,,,
luci-1-3,27,8,8,0.0,14,8,8,0.0,14,8,8,0.0,14,8,18,55.6,3601,8,18,55.6,3600,8,9,11.1,3600,,,,,,,,,,,,
luci-1-4,27,8,8,0.0,15,8,8,0.0,14,8,8,0.0,14,8,9,11.1,3601,8,28,71.4,3600,8,12,33.3,3600,,,,,,,,,,,,
luci-full,28,8,8,0.0,14,8,8,0.0,14,8,8,0.0,14,8,21,61.9,3601,8,18,55.6,3600,8,18,55.6,3600,,,,,,,,,,,,
